timestamp,datetime,activity,latitude,longitude,gps_accuracy_m,gps_speed_ms,gps_bearing_deg,gps_altitude_m,network_type,override_network_type,generation,is_5g,is_5g_actual,is_5g_display,nr_cell_seen,nr_serving_cell_seen,serving_cell_id,serving_pci,serving_freq_arfcn,serving_band,serving_tac,mcc,mnc,rsrp_dbm,rsrq_db,rssi_dbm,sinr_snr_db,signal_level,timing_advance_lte,csi_rsrp_dbm,csi_rsrq_db,csi_sinr_db,rx_speed_Bps,tx_speed_Bps,rx_bitrate_Mbps,tx_bitrate_Mbps,mobile_rx_speed_Bps,mobile_tx_speed_Bps,mobile_rx_bitrate_Mbps,mobile_tx_bitrate_Mbps,wifi_active,neighbor_count,nr_neighbor_count,lte_neighbor_count,best_nbr_rsrp_dbm,best_nbr_pci,best_nbr_arfcn,imu_speed_ms,handover_detected,ping_pong_detected,collect_trigger,cell_duration_s,ho_count_30s,rsrp_delta,sinr_delta,cell_info_age_ms,prev_serving_cell_id,prev_rsrp_dbm,prev_rsrq_db,neighbors_json
1780907147519,2026-06-08 17:25:47,walking,37.54660342,127.06824076,5.761582,0.0,,65.23297119140625,LTE,NONE,4G,false,false,false,false,false,52545041,421,100,1,8282,450,06,-89,-10,-59,10,3,0,,,,0,0,0.0000,0.0000,0,0,0.0000,0.0000,false,5,0,5,-83,421,2600,0.0,false,false,handover,0,0,,,6710,,,,"[{""type"":""LTE"",""pci"":421,""earfcn"":2600,""tac"":null,""rsrp"":-83,""rsrq"":-7,""rssi"":-67,""snr"":null,""ta"":0,""level"":4,""bands"":""5""},{""type"":""LTE"",""pci"":273,""earfcn"":2600,""tac"":null,""rsrp"":-97,""rsrq"":-19,""rssi"":-67,""snr"":null,""ta"":0,""level"":2,""bands"":""5""},{""type"":""LTE"",""pci"":273,""earfcn"":100,""tac"":null,""rsrp"":-98,""rsrq"":-18,""rssi"":-73,""snr"":null,""ta"":0,""level"":2,""bands"":""1""},{""type"":""LTE"",""pci"":273,""earfcn"":3050,""tac"":null,""rsrp"":-112,""rsrq"":-11,""rssi"":-93,""snr"":null,""ta"":0,""level"":1,""bands"":""7""},{""type"":""LTE"",""pci"":418,""earfcn"":3050,""tac"":null,""rsrp"":-115,""rsrq"":-15,""rssi"":-93,""snr"":null,""ta"":0,""level"":1,""bands"":""7""}]"
1780907147524,2026-06-08 17:25:47,walking,37.54660342,127.06824076,5.761582,0.0,,65.23297119140625,LTE,NR_NSA,5G,true,false,true,false,false,52545041,421,100,1,8282,450,06,-89,-10,-59,10,3,0,,,,0,0,0.0000,0.0000,0,0,0.0000,0.0000,false,5,0,5,-83,421,2600,0.0,false,false,periodic,0,0,0,0,6714,,,,"[{""type"":""LTE"",""pci"":421,""earfcn"":2600,""tac"":null,""rsrp"":-83,""rsrq"":-7,""rssi"":-67,""snr"":null,""ta"":0,""level"":4,""bands"":""5""},{""type"":""LTE"",""pci"":273,""earfcn"":2600,""tac"":null,""rsrp"":-97,""rsrq"":-19,""rssi"":-67,""snr"":null,""ta"":0,""level"":2,""bands"":""5""},{""type"":""LTE"",""pci"":273,""earfcn"":100,""tac"":null,""rsrp"":-98,""rsrq"":-18,""rssi"":-73,""snr"":null,""ta"":0,""level"":2,""bands"":""1""},{""type"":""LTE"",""pci"":273,""earfcn"":3050,""tac"":null,""rsrp"":-112,""rsrq"":-11,""rssi"":-93,""snr"":null,""ta"":0,""level"":1,""bands"":""7""},{""type"":""LTE"",""pci"":418,""earfcn"":3050,""tac"":null,""rsrp"":-115,""rsrq"":-15,""rssi"":-93,""snr"":null,""ta"":0,""level"":1,""bands"":""7""}]"
1780907152526,2026-06-08 17:25:52,walking,37.5465415,127.06803907,3.7900925,0.0,,47.30694580078125,LTE,NR_NSA,5G,true,false,true,false,false,52545041,421,100,1,8282,450,06,-78,-9,-51,14,4,0,,,,12441,13048,0.0995,0.1044,12441,13048,0.0995,0.1044,false,8,0,8,-69,421,2600,5.792185,false,false,periodic,0,0,11,4,5000,,,,"[{""type"":""LTE"",""pci"":421,""earfcn"":2600,""tac"":null,""rsrp"":-69,""rsrq"":-9,""rssi"":-51,""snr"":null,""ta"":0,""level"":4,""bands"":""5""},{""type"":""LTE"",""pci"":273,""earfcn"":2600,""tac"":null,""rsrp"":-80,""rsrq"":-17,""rssi"":-51,""snr"":null,""ta"":0,""level"":4,""bands"":""5""},{""type"":""LTE"",""pci"":273,""earfcn"":100,""tac"":null,""rsrp"":-87,""rsrq"":-17,""rssi"":-63,""snr"":null,""ta"":0,""level"":3,""bands"":""1""},{""type"":""LTE"",""pci"":131,""earfcn"":100,""tac"":null,""rsrp"":-91,""rsrq"":-20,""rssi"":-61,""snr"":null,""ta"":0,""level"":3,""bands"":""1""},{""type"":""LTE"",""pci"":273,""earfcn"":3050,""tac"":null,""rsrp"":-91,""rsrq"":-7,""rssi"":-63,""snr"":null,""ta"":0,""level"":3,""bands"":""7""},{""type"":""LTE"",""pci"":418,""earfcn"":3050,""tac"":null,""rsrp"":-98,""rsrq"":-17,""rssi"":-69,""snr"":null,""ta"":0,""level"":2,""bands"":""7""},{""type"":""LTE"",""pci"":131,""earfcn"":3050,""tac"":null,""rsrp"":-102,""rsrq"":-17,""rssi"":-75,""snr"":null,""ta"":0,""level"":2,""bands"":""7""},{""type"":""LTE"",""pci"":272,""earfcn"":3050,""tac"":null,""rsrp"":-105,""rsrq"":-19,""rssi"":-73,""snr"":null,""ta"":0,""level"":2,""bands"":""7""}]"
1780907157532,2026-06-08 17:25:57,walking,37.5465217,127.0680064,4.115383,0.85,279.5,52.32281494140625,LTE,NR_NSA,5G,true,false,true,false,false,52545041,421,100,1,8282,450,06,-68,-7,-51,16,4,0,,,,147892,31785,1.1831,0.2543,147852,31745,1.1828,0.2540,false,7,0,7,-66,421,2600,0.85,false,false,periodic,0,0,10,2,5000,,,,"[{""type"":""LTE"",""pci"":421,""earfcn"":2600,""tac"":null,""rsrp"":-66,""rsrq"":-12,""rssi"":-51,""snr"":null,""ta"":0,""level"":4,""bands"":""5""},{""type"":""LTE"",""pci"":273,""earfcn"":100,""tac"":null,""rsrp"":-81,""rsrq"":-18,""rssi"":-51,""snr"":null,""ta"":0,""level"":4,""bands"":""1""},{""type"":""LTE"",""pci"":273,""earfcn"":2600,""tac"":null,""rsrp"":-81,""rsrq"":-18,""rssi"":-51,""snr"":null,""ta"":0,""level"":4,""bands"":""5""},{""type"":""LTE"",""pci"":273,""earfcn"":3050,""tac"":null,""rsrp"":-85,""rsrq"":-9,""rssi"":-63,""snr"":null,""ta"":0,""level"":4,""bands"":""7""},{""type"":""LTE"",""pci"":418,""earfcn"":3050,""tac"":null,""rsrp"":-88,""rsrq"":-14,""rssi"":-63,""snr"":null,""ta"":0,""level"":3,""bands"":""7""},{""type"":""LTE"",""pci"":131,""earfcn"":3050,""tac"":null,""rsrp"":-95,""rsrq"":-20,""rssi"":-63,""snr"":null,""ta"":0,""level"":3,""bands"":""7""},{""type"":""LTE"",""pci"":272,""earfcn"":3050,""tac"":null,""rsrp"":-105,""rsrq"":-19,""rssi"":-73,""snr"":null,""ta"":0,""level"":2,""bands"":""7""}]"
1780907162535,2026-06-08 17:26:02,walking,37.54654975,127.06795504,3.7900925,1.03,282.5,50.9361572265625,LTE,NR_NSA,5G,true,false,true,false,false,52545041,421,100,1,8282,450,06,-69,-7,-51,15,4,0,,,,428666,24900,3.4293,0.1992,428646,24880,3.4292,0.1990,false,8,0,8,-65,421,2600,1.03,false,false,periodic,0,0,-1,-1,4999,,,,"[{""type"":""LTE"",""pci"":421,""earfcn"":2600,""tac"":null,""rsrp"":-65,""rsrq"":-9,""rssi"":-51,""snr"":null,""ta"":0,""level"":4,""bands"":""5""},{""type"":""LTE"",""pci"":273,""earfcn"":2600,""tac"":null,""rsrp"":-71,""rsrq"":-18,""rssi"":-51,""snr"":null,""ta"":0,""level"":4,""bands"":""5""},{""type"":""LTE"",""pci"":273,""earfcn"":100,""tac"":null,""rsrp"":-80,""rsrq"":-17,""rssi"":-51,""snr"":null,""ta"":0,""level"":4,""bands"":""1""},{""type"":""LTE"",""pci"":59,""earfcn"":100,""tac"":null,""rsrp"":-83,""rsrq"":-20,""rssi"":-53,""snr"":null,""ta"":0,""level"":4,""bands"":""1""},{""type"":""LTE"",""pci"":273,""earfcn"":3050,""tac"":null,""rsrp"":-86,""rsrq"":-7,""rssi"":-57,""snr"":null,""ta"":0,""level"":3,""bands"":""7""},{""type"":""LTE"",""pci"":418,""earfcn"":3050,""tac"":null,""rsrp"":-93,""rsrq"":-17,""rssi"":-65,""snr"":null,""ta"":0,""level"":3,""bands"":""7""},{""type"":""LTE"",""pci"":248,""earfcn"":3050,""tac"":null,""rsrp"":-94,""rsrq"":-16,""rssi"":-67,""snr"":null,""ta"":0,""level"":3,""bands"":""7""},{""type"":""LTE"",""pci"":272,""earfcn"":3050,""tac"":null,""rsrp"":-95,""rsrq"":-18,""rssi"":-65,""snr"":null,""ta"":0,""level"":3,""bands"":""7""}]"
1780907167539,2026-06-08 17:26:07,walking,37.54656869,127.0679163,3.7900925,0.85,287.0,52.4805908203125,LTE,NR_NSA,5G,true,false,true,false,false,52545041,421,100,1,8282,450,06,-69,-7,-51,15,4,0,,,,23624,16218,0.1890,0.1297,23604,16198,0.1888,0.1296,false,8,0,8,-65,421,2600,0.85,false,false,periodic,0,0,0,0,10007,,,,"[{""type"":""LTE"",""pci"":421,""earfcn"":2600,""tac"":null,""rsrp"":-65,""rsrq"":-9,""rssi"":-51,""snr"":null,""ta"":0,""level"":4,""bands"":""5""},{""type"":""LTE"",""pci"":273,""earfcn"":2600,""tac"":null,""rsrp"":-71,""rsrq"":-18,""rssi"":-51,""snr"":null,""ta"":0,""level"":4,""bands"":""5""},{""type"":""LTE"",""pci"":273,""earfcn"":100,""tac"":null,""rsrp"":-80,""rsrq"":-17,""rssi"":-51,""snr"":null,""ta"":0,""level"":4,""bands"":""1""},{""type"":""LTE"",""pci"":59,""earfcn"":100,""tac"":null,""rsrp"":-83,""rsrq"":-20,""rssi"":-53,""snr"":null,""ta"":0,""level"":4,""bands"":""1""},{""type"":""LTE"",""pci"":273,""earfcn"":3050,""tac"":null,""rsrp"":-86,""rsrq"":-7,""rssi"":-57,""snr"":null,""ta"":0,""level"":3,""bands"":""7""},{""type"":""LTE"",""pci"":418,""earfcn"":3050,""tac"":null,""rsrp"":-93,""rsrq"":-17,""rssi"":-65,""snr"":null,""ta"":0,""level"":3,""bands"":""7""},{""type"":""LTE"",""pci"":248,""earfcn"":3050,""tac"":null,""rsrp"":-94,""rsrq"":-16,""rssi"":-67,""snr"":null,""ta"":0,""level"":3,""bands"":""7""},{""type"":""LTE"",""pci"":272,""earfcn"":3050,""tac"":null,""rsrp"":-95,""rsrq"":-18,""rssi"":-65,""snr"":null,""ta"":0,""level"":3,""bands"":""7""}]"
1780907172553,2026-06-08 17:26:12,walking,37.54655756,127.06781933,3.7900925,1.06,306.6,54.9788818359375,LTE,NR_NSA,5G,true,false,true,false,false,52545041,421,100,1,8282,450,06,-75,-8,-51,,4,0,,,,450,1318,0.0036,0.0105,450,1318,0.0036,0.0105,false,9,0,9,-69,421,2600,1.06,false,false,periodic,0,0,-6,,5001,,,,"[{""type"":""LTE"",""pci"":421,""earfcn"":2600,""tac"":null,""rsrp"":-69,""rsrq"":-13,""rssi"":-51,""snr"":null,""ta"":0,""level"":4,""bands"":""5""},{""type"":""LTE"",""pci"":273,""earfcn"":2600,""tac"":null,""rsrp"":-73,""rsrq"":-17,""rssi"":-51,""snr"":null,""ta"":0,""level"":4,""bands"":""5""},{""type"":""LTE"",""pci"":59,""earfcn"":2600,""tac"":null,""rsrp"":-75,""rsrq"":-19,""rssi"":-51,""snr"":null,""ta"":0,""level"":4,""bands"":""5""},{""type"":""LTE"",""pci"":273,""earfcn"":100,""tac"":null,""rsrp"":-81,""rsrq"":-13,""rssi"":-57,""snr"":null,""ta"":0,""level"":4,""bands"":""1""},{""type"":""LTE"",""pci"":273,""earfcn"":3050,""tac"":null,""rsrp"":-83,""rsrq"":-10,""rssi"":-63,""snr"":null,""ta"":0,""level"":4,""bands"":""7""},{""type"":""LTE"",""pci"":59,""earfcn"":100,""tac"":null,""rsrp"":-89,""rsrq"":-20,""rssi"":-57,""snr"":null,""ta"":0,""level"":3,""bands"":""1""},{""type"":""LTE"",""pci"":418,""earfcn"":3050,""tac"":null,""rsrp"":-89,""rsrq"":-17,""rssi"":-63,""snr"":null,""ta"":0,""level"":3,""bands"":""7""},{""type"":""LTE"",""pci"":168,""earfcn"":3050,""tac"":null,""rsrp"":-89,""rsrq"":-16,""rssi"":-63,""snr"":null,""ta"":0,""level"":3,""bands"":""7""},{""type"":""LTE"",""pci"":248,""earfcn"":3050,""tac"":null,""rsrp"":-99,""rsrq"":-20,""rssi"":-67,""snr"":null,""ta"":0,""level"":2,""bands"":""7""}]"
1780907177568,2026-06-08 17:26:17,walking,37.54658383,127.06778833,4.802761,0.95,339.5,53.62744140625,LTE,NR_NSA,5G,true,false,true,false,false,52545041,421,100,1,8282,450,06,-75,-8,-51,,4,0,,,,488148,18606,3.9052,0.1488,488148,18606,3.9052,0.1488,false,9,0,9,-69,421,2600,0.95,false,false,periodic,0,0,0,,10016,,,,"[{""type"":""LTE"",""pci"":421,""earfcn"":2600,""tac"":null,""rsrp"":-69,""rsrq"":-13,""rssi"":-51,""snr"":null,""ta"":0,""level"":4,""bands"":""5""},{""type"":""LTE"",""pci"":273,""earfcn"":2600,""tac"":null,""rsrp"":-73,""rsrq"":-17,""rssi"":-51,""snr"":null,""ta"":0,""level"":4,""bands"":""5""},{""type"":""LTE"",""pci"":59,""earfcn"":2600,""tac"":null,""rsrp"":-75,""rsrq"":-19,""rssi"":-51,""snr"":null,""ta"":0,""level"":4,""bands"":""5""},{""type"":""LTE"",""pci"":273,""earfcn"":100,""tac"":null,""rsrp"":-81,""rsrq"":-13,""rssi"":-57,""snr"":null,""ta"":0,""level"":4,""bands"":""1""},{""type"":""LTE"",""pci"":273,""earfcn"":3050,""tac"":null,""rsrp"":-83,""rsrq"":-10,""rssi"":-63,""snr"":null,""ta"":0,""level"":4,""bands"":""7""},{""type"":""LTE"",""pci"":59,""earfcn"":100,""tac"":null,""rsrp"":-89,""rsrq"":-20,""rssi"":-57,""snr"":null,""ta"":0,""level"":3,""bands"":""1""},{""type"":""LTE"",""pci"":418,""earfcn"":3050,""tac"":null,""rsrp"":-89,""rsrq"":-17,""rssi"":-63,""snr"":null,""ta"":0,""level"":3,""bands"":""7""},{""type"":""LTE"",""pci"":168,""earfcn"":3050,""tac"":null,""rsrp"":-89,""rsrq"":-16,""rssi"":-63,""snr"":null,""ta"":0,""level"":3,""bands"":""7""},{""type"":""LTE"",""pci"":248,""earfcn"":3050,""tac"":null,""rsrp"":-99,""rsrq"":-20,""rssi"":-67,""snr"":null,""ta"":0,""level"":2,""bands"":""7""}]"
1780907182582,2026-06-08 17:26:22,walking,37.54659578,127.06770761,4.4148483,0.93,293.3,54.90155029296875,LTE,NR_NSA,5G,true,false,true,false,false,52545041,421,100,1,8282,450,06,-70,-11,-51,,4,0,,,,425,1121,0.0034,0.0090,425,1121,0.0034,0.0090,false,11,0,11,-59,421,2600,0.93,false,false,periodic,0,0,5,,5002,,,,"[{""type"":""LTE"",""pci"":421,""earfcn"":2600,""tac"":null,""rsrp"":-59,""rsrq"":-11,""rssi"":-51,""snr"":null,""ta"":0,""level"":4,""bands"":""5""},{""type"":""LTE"",""pci"":59,""earfcn"":2600,""tac"":null,""rsrp"":-67,""rsrq"":-16,""rssi"":-51,""snr"":null,""ta"":0,""level"":4,""bands"":""5""},{""type"":""LTE"",""pci"":273,""earfcn"":2600,""tac"":null,""rsrp"":-77,""rsrq"":-20,""rssi"":-51,""snr"":null,""ta"":0,""level"":4,""bands"":""5""},{""type"":""LTE"",""pci"":273,""earfcn"":100,""tac"":null,""rsrp"":-81,""rsrq"":-14,""rssi"":-53,""snr"":null,""ta"":0,""level"":4,""bands"":""1""},{""type"":""LTE"",""pci"":168,""earfcn"":100,""tac"":null,""rsrp"":-81,""rsrq"":-20,""rssi"":-51,""snr"":null,""ta"":0,""level"":4,""bands"":""1""},{""type"":""LTE"",""pci"":59,""earfcn"":100,""tac"":null,""rsrp"":-82,""rsrq"":-20,""rssi"":-53,""snr"":null,""ta"":0,""level"":4,""bands"":""1""},{""type"":""LTE"",""pci"":273,""earfcn"":3050,""tac"":null,""rsrp"":-90,""rsrq"":-10,""rssi"":-59,""snr"":null,""ta"":0,""level"":3,""bands"":""7""},{""type"":""LTE"",""pci"":168,""earfcn"":3050,""tac"":null,""rsrp"":-96,""rsrq"":-16,""rssi"":-69,""snr"":null,""ta"":0,""level"":2,""bands"":""7""},{""type"":""LTE"",""pci"":418,""earfcn"":3050,""tac"":null,""rsrp"":-97,""rsrq"":-16,""rssi"":-69,""snr"":null,""ta"":0,""level"":2,""bands"":""7""},{""type"":""LTE"",""pci"":272,""earfcn"":3050,""tac"":null,""rsrp"":-97,""rsrq"":-18,""rssi"":-69,""snr"":null,""ta"":0,""level"":2,""bands"":""7""},{""type"":""LTE"",""pci"":248,""earfcn"":3050,""tac"":null,""rsrp"":-98,""rsrq"":-18,""rssi"":-69,""snr"":null,""ta"":0,""level"":2,""bands"":""7""}]"
1780907187595,2026-06-08 17:26:27,walking,37.54661181,127.06766065,4.3888154,0.94,279.8,56.39569091796875,LTE,NR_NSA,5G,true,false,true,false,false,52545041,421,100,1,8282,450,06,-70,-11,-51,,4,0,,,,0,0,0.0000,0.0000,0,0,0.0000,0.0000,false,11,0,11,-59,421,2600,0.94,false,false,periodic,0,0,0,,10014,,,,"[{""type"":""LTE"",""pci"":421,""earfcn"":2600,""tac"":null,""rsrp"":-59,""rsrq"":-11,""rssi"":-51,""snr"":null,""ta"":0,""level"":4,""bands"":""5""},{""type"":""LTE"",""pci"":59,""earfcn"":2600,""tac"":null,""rsrp"":-67,""rsrq"":-16,""rssi"":-51,""snr"":null,""ta"":0,""level"":4,""bands"":""5""},{""type"":""LTE"",""pci"":273,""earfcn"":2600,""tac"":null,""rsrp"":-77,""rsrq"":-20,""rssi"":-51,""snr"":null,""ta"":0,""level"":4,""bands"":""5""},{""type"":""LTE"",""pci"":273,""earfcn"":100,""tac"":null,""rsrp"":-81,""rsrq"":-14,""rssi"":-53,""snr"":null,""ta"":0,""level"":4,""bands"":""1""},{""type"":""LTE"",""pci"":168,""earfcn"":100,""tac"":null,""rsrp"":-81,""rsrq"":-20,""rssi"":-51,""snr"":null,""ta"":0,""level"":4,""bands"":""1""},{""type"":""LTE"",""pci"":59,""earfcn"":100,""tac"":null,""rsrp"":-82,""rsrq"":-20,""rssi"":-53,""snr"":null,""ta"":0,""level"":4,""bands"":""1""},{""type"":""LTE"",""pci"":273,""earfcn"":3050,""tac"":null,""rsrp"":-90,""rsrq"":-10,""rssi"":-59,""snr"":null,""ta"":0,""level"":3,""bands"":""7""},{""type"":""LTE"",""pci"":168,""earfcn"":3050,""tac"":null,""rsrp"":-96,""rsrq"":-16,""rssi"":-69,""snr"":null,""ta"":0,""level"":2,""bands"":""7""},{""type"":""LTE"",""pci"":418,""earfcn"":3050,""tac"":null,""rsrp"":-97,""rsrq"":-16,""rssi"":-69,""snr"":null,""ta"":0,""level"":2,""bands"":""7""},{""type"":""LTE"",""pci"":272,""earfcn"":3050,""tac"":null,""rsrp"":-97,""rsrq"":-18,""rssi"":-69,""snr"":null,""ta"":0,""level"":2,""bands"":""7""},{""type"":""LTE"",""pci"":248,""earfcn"":3050,""tac"":null,""rsrp"":-98,""rsrq"":-18,""rssi"":-69,""snr"":null,""ta"":0,""level"":2,""bands"":""7""}]"
1780907192608,2026-06-08 17:26:32,walking,37.54663171,127.06758654,4.1028767,1.03,281.8,58.2205810546875,LTE,NR_NSA,5G,true,false,true,false,false,52545041,421,100,1,8282,450,06,-74,-7,-51,,4,0,,,,51,793,0.0004,0.0063,51,793,0.0004,0.0063,false,11,0,11,-67,421,2600,1.03,false,false,periodic,0,0,-4,,5002,,,,"[{""type"":""LTE"",""pci"":421,""earfcn"":2600,""tac"":null,""rsrp"":-67,""rsrq"":-12,""rssi"":-51,""snr"":null,""ta"":0,""level"":4,""bands"":""5""},{""type"":""LTE"",""pci"":273,""earfcn"":2600,""tac"":null,""rsrp"":-79,""rsrq"":-19,""rssi"":-51,""snr"":null,""ta"":0,""level"":4,""bands"":""5""},{""type"":""LTE"",""pci"":59,""earfcn"":2600,""tac"":null,""rsrp"":-80,""rsrq"":-18,""rssi"":-51,""snr"":null,""ta"":0,""level"":4,""bands"":""5""},{""type"":""LTE"",""pci"":59,""earfcn"":100,""tac"":null,""rsrp"":-85,""rsrq"":-16,""rssi"":-55,""snr"":null,""ta"":0,""level"":4,""bands"":""1""},{""type"":""LTE"",""pci"":273,""earfcn"":100,""tac"":null,""rsrp"":-85,""rsrq"":-19,""rssi"":-55,""snr"":null,""ta"":0,""level"":4,""bands"":""1""},{""type"":""LTE"",""pci"":168,""earfcn"":100,""tac"":null,""rsrp"":-87,""rsrq"":-20,""rssi"":-55,""snr"":null,""ta"":0,""level"":3,""bands"":""1""},{""type"":""LTE"",""pci"":273,""earfcn"":3050,""tac"":null,""rsrp"":-90,""rsrq"":-10,""rssi"":-69,""snr"":null,""ta"":0,""level"":3,""bands"":""7""},{""type"":""LTE"",""pci"":168,""earfcn"":3050,""tac"":null,""rsrp"":-92,""rsrq"":-13,""rssi"":-69,""snr"":null,""ta"":0,""level"":3,""bands"":""7""},{""type"":""LTE"",""pci"":272,""earfcn"":3050,""tac"":null,""rsrp"":-95,""rsrq"":-17,""rssi"":-69,""snr"":null,""ta"":0,""level"":3,""bands"":""7""},{""type"":""LTE"",""pci"":248,""earfcn"":3050,""tac"":null,""rsrp"":-95,""rsrq"":-17,""rssi"":-69,""snr"":null,""ta"":0,""level"":3,""bands"":""7""},{""type"":""LTE"",""pci"":418,""earfcn"":3050,""tac"":null,""rsrp"":-97,""rsrq"":-18,""rssi"":-69,""snr"":null,""ta"":0,""level"":2,""bands"":""7""}]"
1780907197623,2026-06-08 17:26:37,walking,37.54663902,127.06754203,3.7900925,1.08,288.7,58.59661865234375,LTE,NR_NSA,5G,true,false,true,false,false,52545041,421,100,1,8282,450,06,-74,-7,-51,,4,0,,,,79,47,0.0006,0.0004,79,47,0.0006,0.0004,false,11,0,11,-67,421,2600,1.08,false,false,periodic,0,0,0,,10018,,,,"[{""type"":""LTE"",""pci"":421,""earfcn"":2600,""tac"":null,""rsrp"":-67,""rsrq"":-12,""rssi"":-51,""snr"":null,""ta"":0,""level"":4,""bands"":""5""},{""type"":""LTE"",""pci"":273,""earfcn"":2600,""tac"":null,""rsrp"":-79,""rsrq"":-19,""rssi"":-51,""snr"":null,""ta"":0,""level"":4,""bands"":""5""},{""type"":""LTE"",""pci"":59,""earfcn"":2600,""tac"":null,""rsrp"":-80,""rsrq"":-18,""rssi"":-51,""snr"":null,""ta"":0,""level"":4,""bands"":""5""},{""type"":""LTE"",""pci"":59,""earfcn"":100,""tac"":null,""rsrp"":-85,""rsrq"":-16,""rssi"":-55,""snr"":null,""ta"":0,""level"":4,""bands"":""1""},{""type"":""LTE"",""pci"":273,""earfcn"":100,""tac"":null,""rsrp"":-85,""rsrq"":-19,""rssi"":-55,""snr"":null,""ta"":0,""level"":4,""bands"":""1""},{""type"":""LTE"",""pci"":168,""earfcn"":100,""tac"":null,""rsrp"":-87,""rsrq"":-20,""rssi"":-55,""snr"":null,""ta"":0,""level"":3,""bands"":""1""},{""type"":""LTE"",""pci"":273,""earfcn"":3050,""tac"":null,""rsrp"":-90,""rsrq"":-10,""rssi"":-69,""snr"":null,""ta"":0,""level"":3,""bands"":""7""},{""type"":""LTE"",""pci"":168,""earfcn"":3050,""tac"":null,""rsrp"":-92,""rsrq"":-13,""rssi"":-69,""snr"":null,""ta"":0,""level"":3,""bands"":""7""},{""type"":""LTE"",""pci"":272,""earfcn"":3050,""tac"":null,""rsrp"":-95,""rsrq"":-17,""rssi"":-69,""snr"":null,""ta"":0,""level"":3,""bands"":""7""},{""type"":""LTE"",""pci"":248,""earfcn"":3050,""tac"":null,""rsrp"":-95,""rsrq"":-17,""rssi"":-69,""snr"":null,""ta"":0,""level"":3,""bands"":""7""},{""type"":""LTE"",""pci"":418,""earfcn"":3050,""tac"":null,""rsrp"":-97,""rsrq"":-18,""rssi"":-69,""snr"":null,""ta"":0,""level"":2,""bands"":""7""}]"
1780907202633,2026-06-08 17:26:42,walking,37.54667662,127.06746538,3.7900925,1.1,328.1,58.60302734375,LTE,NR_NSA,5G,true,false,true,false,false,52545041,421,100,1,8282,450,06,-70,-8,-51,,4,0,,,,0,0,0.0000,0.0000,0,0,0.0000,0.0000,false,10,0,10,-67,421,2600,1.1,false,false,periodic,0,0,4,,5003,,,,"[{""type"":""LTE"",""pci"":421,""earfcn"":2600,""tac"":null,""rsrp"":-67,""rsrq"":-9,""rssi"":-51,""snr"":null,""ta"":0,""level"":4,""bands"":""5""},{""type"":""LTE"",""pci"":59,""earfcn"":2600,""tac"":null,""rsrp"":-74,""rsrq"":-16,""rssi"":-51,""snr"":null,""ta"":0,""level"":4,""bands"":""5""},{""type"":""LTE"",""pci"":59,""earfcn"":100,""tac"":null,""rsrp"":-80,""rsrq"":-17,""rssi"":-51,""snr"":null,""ta"":0,""level"":4,""bands"":""1""},{""type"":""LTE"",""pci"":273,""earfcn"":2600,""tac"":null,""rsrp"":-81,""rsrq"":-20,""rssi"":-51,""snr"":null,""ta"":0,""level"":4,""bands"":""5""},{""type"":""LTE"",""pci"":168,""earfcn"":100,""tac"":null,""rsrp"":-82,""rsrq"":-19,""rssi"":-51,""snr"":null,""ta"":0,""level"":4,""bands"":""1""},{""type"":""LTE"",""pci"":418,""earfcn"":3050,""tac"":null,""rsrp"":-91,""rsrq"":-14,""rssi"":-67,""snr"":null,""ta"":0,""level"":3,""bands"":""7""},{""type"":""LTE"",""pci"":273,""earfcn"":3050,""tac"":null,""rsrp"":-92,""rsrq"":-13,""rssi"":-67,""snr"":null,""ta"":0,""level"":3,""bands"":""7""},{""type"":""LTE"",""pci"":168,""earfcn"":3050,""tac"":null,""rsrp"":-92,""rsrq"":-15,""rssi"":-67,""snr"":null,""ta"":0,""level"":3,""bands"":""7""},{""type"":""LTE"",""pci"":248,""earfcn"":3050,""tac"":null,""rsrp"":-93,""rsrq"":-16,""rssi"":-67,""snr"":null,""ta"":0,""level"":3,""bands"":""7""},{""type"":""LTE"",""pci"":272,""earfcn"":3050,""tac"":null,""rsrp"":-94,""rsrq"":-19,""rssi"":-65,""snr"":null,""ta"":0,""level"":3,""bands"":""7""}]"
1780907207646,2026-06-08 17:26:47,walking,37.54670494,127.06739927,3.7900925,1.11,277.9,58.797607421875,LTE,NR_NSA,5G,true,false,true,false,false,52545041,421,100,1,8282,450,06,-70,-8,-51,,4,0,,,,0,71,0.0000,0.0006,0,71,0.0000,0.0006,false,10,0,10,-67,421,2600,1.11,false,false,periodic,0,0,0,,10012,,,,"[{""type"":""LTE"",""pci"":421,""earfcn"":2600,""tac"":null,""rsrp"":-67,""rsrq"":-9,""rssi"":-51,""snr"":null,""ta"":0,""level"":4,""bands"":""5""},{""type"":""LTE"",""pci"":59,""earfcn"":2600,""tac"":null,""rsrp"":-74,""rsrq"":-16,""rssi"":-51,""snr"":null,""ta"":0,""level"":4,""bands"":""5""},{""type"":""LTE"",""pci"":59,""earfcn"":100,""tac"":null,""rsrp"":-80,""rsrq"":-17,""rssi"":-51,""snr"":null,""ta"":0,""level"":4,""bands"":""1""},{""type"":""LTE"",""pci"":273,""earfcn"":2600,""tac"":null,""rsrp"":-81,""rsrq"":-20,""rssi"":-51,""snr"":null,""ta"":0,""level"":4,""bands"":""5""},{""type"":""LTE"",""pci"":168,""earfcn"":100,""tac"":null,""rsrp"":-82,""rsrq"":-19,""rssi"":-51,""snr"":null,""ta"":0,""level"":4,""bands"":""1""},{""type"":""LTE"",""pci"":418,""earfcn"":3050,""tac"":null,""rsrp"":-91,""rsrq"":-14,""rssi"":-67,""snr"":null,""ta"":0,""level"":3,""bands"":""7""},{""type"":""LTE"",""pci"":273,""earfcn"":3050,""tac"":null,""rsrp"":-92,""rsrq"":-13,""rssi"":-67,""snr"":null,""ta"":0,""level"":3,""bands"":""7""},{""type"":""LTE"",""pci"":168,""earfcn"":3050,""tac"":null,""rsrp"":-92,""rsrq"":-15,""rssi"":-67,""snr"":null,""ta"":0,""level"":3,""bands"":""7""},{""type"":""LTE"",""pci"":248,""earfcn"":3050,""tac"":null,""rsrp"":-93,""rsrq"":-16,""rssi"":-67,""snr"":null,""ta"":0,""level"":3,""bands"":""7""},{""type"":""LTE"",""pci"":272,""earfcn"":3050,""tac"":null,""rsrp"":-94,""rsrq"":-19,""rssi"":-65,""snr"":null,""ta"":0,""level"":3,""bands"":""7""}]"
1780907212651,2026-06-08 17:26:52,walking,37.54673118,127.06736289,3.9404275,1.09,311.3,57.27740478515625,LTE,NR_NSA,5G,true,false,true,false,false,52545041,421,100,1,8282,450,06,-74,-9,-51,,4,0,,,,45,39,0.0004,0.0003,45,39,0.0004,0.0003,false,8,0,8,-72,59,2600,1.09,false,false,periodic,0,0,-4,,5003,,,,"[{""type"":""LTE"",""pci"":59,""earfcn"":2600,""tac"":null,""rsrp"":-72,""rsrq"":-14,""rssi"":-51,""snr"":null,""ta"":0,""level"":4,""bands"":""5""},{""type"":""LTE"",""pci"":421,""earfcn"":2600,""tac"":null,""rsrp"":-74,""rsrq"":-14,""rssi"":-51,""snr"":null,""ta"":0,""level"":4,""bands"":""5""},{""type"":""LTE"",""pci"":418,""earfcn"":2600,""tac"":null,""rsrp"":-76,""rsrq"":-15,""rssi"":-51,""snr"":null,""ta"":0,""level"":4,""bands"":""5""},{""type"":""LTE"",""pci"":59,""earfcn"":100,""tac"":null,""rsrp"":-82,""rsrq"":-16,""rssi"":-53,""snr"":null,""ta"":0,""level"":4,""bands"":""1""},{""type"":""LTE"",""pci"":168,""earfcn"":3050,""tac"":null,""rsrp"":-87,""rsrq"":-13,""rssi"":-65,""snr"":null,""ta"":0,""level"":3,""bands"":""7""},{""type"":""LTE"",""pci"":248,""earfcn"":3050,""tac"":null,""rsrp"":-88,""rsrq"":-14,""rssi"":-65,""snr"":null,""ta"":0,""level"":3,""bands"":""7""},{""type"":""LTE"",""pci"":273,""earfcn"":3050,""tac"":null,""rsrp"":-92,""rsrq"":-17,""rssi"":-65,""snr"":null,""ta"":0,""level"":3,""bands"":""7""},{""type"":""LTE"",""pci"":418,""earfcn"":3050,""tac"":null,""rsrp"":-95,""rsrq"":-15,""rssi"":-65,""snr"":null,""ta"":0,""level"":3,""bands"":""7""}]"
1780907217663,2026-06-08 17:26:57,walking,37.54674894,127.06728707,4.1574554,1.07,291.4,58.3935546875,LTE,NR_NSA,5G,true,false,true,false,false,52545041,421,100,1,8282,450,06,-74,-9,-51,,4,0,,,,0,0,0.0000,0.0000,0,0,0.0000,0.0000,false,8,0,8,-72,59,2600,1.07,false,false,periodic,0,0,0,,10016,,,,"[{""type"":""LTE"",""pci"":59,""earfcn"":2600,""tac"":null,""rsrp"":-72,""rsrq"":-14,""rssi"":-51,""snr"":null,""ta"":0,""level"":4,""bands"":""5""},{""type"":""LTE"",""pci"":421,""earfcn"":2600,""tac"":null,""rsrp"":-74,""rsrq"":-14,""rssi"":-51,""snr"":null,""ta"":0,""level"":4,""bands"":""5""},{""type"":""LTE"",""pci"":418,""earfcn"":2600,""tac"":null,""rsrp"":-76,""rsrq"":-15,""rssi"":-51,""snr"":null,""ta"":0,""level"":4,""bands"":""5""},{""type"":""LTE"",""pci"":59,""earfcn"":100,""tac"":null,""rsrp"":-82,""rsrq"":-16,""rssi"":-53,""snr"":null,""ta"":0,""level"":4,""bands"":""1""},{""type"":""LTE"",""pci"":168,""earfcn"":3050,""tac"":null,""rsrp"":-87,""rsrq"":-13,""rssi"":-65,""snr"":null,""ta"":0,""level"":3,""bands"":""7""},{""type"":""LTE"",""pci"":248,""earfcn"":3050,""tac"":null,""rsrp"":-88,""rsrq"":-14,""rssi"":-65,""snr"":null,""ta"":0,""level"":3,""bands"":""7""},{""type"":""LTE"",""pci"":273,""earfcn"":3050,""tac"":null,""rsrp"":-92,""rsrq"":-17,""rssi"":-65,""snr"":null,""ta"":0,""level"":3,""bands"":""7""},{""type"":""LTE"",""pci"":418,""earfcn"":3050,""tac"":null,""rsrp"":-95,""rsrq"":-15,""rssi"":-65,""snr"":null,""ta"":0,""level"":3,""bands"":""7""}]"
1780907222675,2026-06-08 17:27:02,walking,37.54676423,127.06724031,10.274218,1.12,279.2,57.94647216796875,LTE,NR_NSA,5G,true,false,true,false,false,52545041,421,100,1,8282,450,06,-72,-13,-51,,4,0,,,,0,0,0.0000,0.0000,0,0,0.0000,0.0000,false,11,0,11,-73,421,2600,1.12,false,false,periodic,0,0,2,,5000,,,,"[{""type"":""LTE"",""pci"":421,""earfcn"":2600,""tac"":null,""rsrp"":-73,""rsrq"":-12,""rssi"":-51,""snr"":null,""ta"":0,""level"":4,""bands"":""5""},{""type"":""LTE"",""pci"":59,""earfcn"":100,""tac"":null,""rsrp"":-76,""rsrq"":-13,""rssi"":-53,""snr"":null,""ta"":0,""level"":4,""bands"":""1""},{""type"":""LTE"",""pci"":59,""earfcn"":2600,""tac"":null,""rsrp"":-79,""rsrq"":-12,""rssi"":-57,""snr"":null,""ta"":0,""level"":4,""bands"":""5""},{""type"":""LTE"",""pci"":248,""earfcn"":100,""tac"":null,""rsrp"":-82,""rsrq"":-18,""rssi"":-55,""snr"":null,""ta"":0,""level"":4,""bands"":""1""},{""type"":""LTE"",""pci"":168,""earfcn"":2600,""tac"":null,""rsrp"":-82,""rsrq"":-19,""rssi"":-53,""snr"":null,""ta"":0,""level"":4,""bands"":""5""},{""type"":""LTE"",""pci"":168,""earfcn"":3050,""tac"":null,""rsrp"":-84,""rsrq"":-10,""rssi"":-63,""snr"":null,""ta"":0,""level"":4,""bands"":""7""},{""type"":""LTE"",""pci"":80,""earfcn"":2600,""tac"":null,""rsrp"":-85,""rsrq"":-18,""rssi"":-57,""snr"":null,""ta"":0,""level"":4,""bands"":""5""},{""type"":""LTE"",""pci"":168,""earfcn"":100,""tac"":null,""rsrp"":-87,""rsrq"":-20,""rssi"":-55,""snr"":null,""ta"":0,""level"":3,""bands"":""1""},{""type"":""LTE"",""pci"":248,""earfcn"":3050,""tac"":null,""rsrp"":-93,""rsrq"":-16,""rssi"":-63,""snr"":null,""ta"":0,""level"":3,""bands"":""7""},{""type"":""LTE"",""pci"":418,""earfcn"":3050,""tac"":null,""rsrp"":-94,""rsrq"":-15,""rssi"":-65,""snr"":null,""ta"":0,""level"":3,""bands"":""7""},{""type"":""LTE"",""pci"":273,""earfcn"":3050,""tac"":null,""rsrp"":-94,""rsrq"":-14,""rssi"":-67,""snr"":null,""ta"":0,""level"":3,""bands"":""7""}]"
1780907227684,2026-06-08 17:27:07,walking,37.54678218,127.0671572,10.235881,1.13,306.9,58.04327392578125,LTE,NR_NSA,5G,true,false,true,false,false,52545041,421,100,1,8282,450,06,-72,-13,-51,,4,0,,,,1814,1742,0.0145,0.0139,1814,1742,0.0145,0.0139,false,11,0,11,-73,421,2600,1.13,false,false,periodic,0,0,0,,10010,,,,"[{""type"":""LTE"",""pci"":421,""earfcn"":2600,""tac"":null,""rsrp"":-73,""rsrq"":-12,""rssi"":-51,""snr"":null,""ta"":0,""level"":4,""bands"":""5""},{""type"":""LTE"",""pci"":59,""earfcn"":100,""tac"":null,""rsrp"":-76,""rsrq"":-13,""rssi"":-53,""snr"":null,""ta"":0,""level"":4,""bands"":""1""},{""type"":""LTE"",""pci"":59,""earfcn"":2600,""tac"":null,""rsrp"":-79,""rsrq"":-12,""rssi"":-57,""snr"":null,""ta"":0,""level"":4,""bands"":""5""},{""type"":""LTE"",""pci"":248,""earfcn"":100,""tac"":null,""rsrp"":-82,""rsrq"":-18,""rssi"":-55,""snr"":null,""ta"":0,""level"":4,""bands"":""1""},{""type"":""LTE"",""pci"":168,""earfcn"":2600,""tac"":null,""rsrp"":-82,""rsrq"":-19,""rssi"":-53,""snr"":null,""ta"":0,""level"":4,""bands"":""5""},{""type"":""LTE"",""pci"":168,""earfcn"":3050,""tac"":null,""rsrp"":-84,""rsrq"":-10,""rssi"":-63,""snr"":null,""ta"":0,""level"":4,""bands"":""7""},{""type"":""LTE"",""pci"":80,""earfcn"":2600,""tac"":null,""rsrp"":-85,""rsrq"":-18,""rssi"":-57,""snr"":null,""ta"":0,""level"":4,""bands"":""5""},{""type"":""LTE"",""pci"":168,""earfcn"":100,""tac"":null,""rsrp"":-87,""rsrq"":-20,""rssi"":-55,""snr"":null,""ta"":0,""level"":3,""bands"":""1""},{""type"":""LTE"",""pci"":248,""earfcn"":3050,""tac"":null,""rsrp"":-93,""rsrq"":-16,""rssi"":-63,""snr"":null,""ta"":0,""level"":3,""bands"":""7""},{""type"":""LTE"",""pci"":418,""earfcn"":3050,""tac"":null,""rsrp"":-94,""rsrq"":-15,""rssi"":-65,""snr"":null,""ta"":0,""level"":3,""bands"":""7""},{""type"":""LTE"",""pci"":273,""earfcn"":3050,""tac"":null,""rsrp"":-94,""rsrq"":-14,""rssi"":-67,""snr"":null,""ta"":0,""level"":3,""bands"":""7""}]"
1780907232697,2026-06-08 17:27:12,walking,37.54680497,127.06711051,10.117814,1.13,299.9,58.565673828125,LTE,NR_NSA,5G,true,false,true,false,false,52545041,421,100,1,8282,450,06,-79,-13,-51,,4,0,,,,122,478,0.0010,0.0038,122,478,0.0010,0.0038,false,9,0,9,-62,59,2600,1.13,false,false,periodic,0,0,-7,,5003,,,,"[{""type"":""LTE"",""pci"":59,""earfcn"":2600,""tac"":null,""rsrp"":-62,""rsrq"":-11,""rssi"":-51,""snr"":null,""ta"":0,""level"":4,""bands"":""5""},{""type"":""LTE"",""pci"":421,""earfcn"":2600,""tac"":null,""rsrp"":-68,""rsrq"":-18,""rssi"":-51,""snr"":null,""ta"":0,""level"":4,""bands"":""5""},{""type"":""LTE"",""pci"":59,""earfcn"":100,""tac"":null,""rsrp"":-77,""rsrq"":-11,""rssi"":-53,""snr"":null,""ta"":0,""level"":4,""bands"":""1""},{""type"":""LTE"",""pci"":168,""earfcn"":100,""tac"":null,""rsrp"":-84,""rsrq"":-16,""rssi"":-53,""snr"":null,""ta"":0,""level"":4,""bands"":""1""},{""type"":""LTE"",""pci"":168,""earfcn"":3050,""tac"":null,""rsrp"":-84,""rsrq"":-13,""rssi"":-61,""snr"":null,""ta"":0,""level"":4,""bands"":""7""},{""type"":""LTE"",""pci"":248,""earfcn"":3050,""tac"":null,""rsrp"":-85,""rsrq"":-15,""rssi"":-61,""snr"":null,""ta"":0,""level"":4,""bands"":""7""},{""type"":""LTE"",""pci"":389,""earfcn"":100,""tac"":null,""rsrp"":-86,""rsrq"":-19,""rssi"":-57,""snr"":null,""ta"":0,""level"":3,""bands"":""1""},{""type"":""LTE"",""pci"":273,""earfcn"":3050,""tac"":null,""rsrp"":-96,""rsrq"":-18,""rssi"":-67,""snr"":null,""ta"":0,""level"":2,""bands"":""7""},{""type"":""LTE"",""pci"":418,""earfcn"":3050,""tac"":null,""rsrp"":-99,""rsrq"":-20,""rssi"":-67,""snr"":null,""ta"":0,""level"":2,""bands"":""7""}]"
1780907237707,2026-06-08 17:27:17,walking,37.5468311,127.06703624,5.3776464,1.13,292.0,59.32489013671875,LTE,LTE_CA,4G,false,false,false,false,false,52545041,421,100,1,8282,450,06,-79,-13,-51,,4,0,,,,1412,1896,0.0113,0.0152,1412,1896,0.0113,0.0152,false,9,0,9,-62,59,2600,1.13,false,false,periodic,0,0,0,,10011,,,,"[{""type"":""LTE"",""pci"":59,""earfcn"":2600,""tac"":null,""rsrp"":-62,""rsrq"":-11,""rssi"":-51,""snr"":null,""ta"":0,""level"":4,""bands"":""5""},{""type"":""LTE"",""pci"":421,""earfcn"":2600,""tac"":null,""rsrp"":-68,""rsrq"":-18,""rssi"":-51,""snr"":null,""ta"":0,""level"":4,""bands"":""5""},{""type"":""LTE"",""pci"":59,""earfcn"":100,""tac"":null,""rsrp"":-77,""rsrq"":-11,""rssi"":-53,""snr"":null,""ta"":0,""level"":4,""bands"":""1""},{""type"":""LTE"",""pci"":168,""earfcn"":100,""tac"":null,""rsrp"":-84,""rsrq"":-16,""rssi"":-53,""snr"":null,""ta"":0,""level"":4,""bands"":""1""},{""type"":""LTE"",""pci"":168,""earfcn"":3050,""tac"":null,""rsrp"":-84,""rsrq"":-13,""rssi"":-61,""snr"":null,""ta"":0,""level"":4,""bands"":""7""},{""type"":""LTE"",""pci"":248,""earfcn"":3050,""tac"":null,""rsrp"":-85,""rsrq"":-15,""rssi"":-61,""snr"":null,""ta"":0,""level"":4,""bands"":""7""},{""type"":""LTE"",""pci"":389,""earfcn"":100,""tac"":null,""rsrp"":-86,""rsrq"":-19,""rssi"":-57,""snr"":null,""ta"":0,""level"":3,""bands"":""1""},{""type"":""LTE"",""pci"":273,""earfcn"":3050,""tac"":null,""rsrp"":-96,""rsrq"":-18,""rssi"":-67,""snr"":null,""ta"":0,""level"":2,""bands"":""7""},{""type"":""LTE"",""pci"":418,""earfcn"":3050,""tac"":null,""rsrp"":-99,""rsrq"":-20,""rssi"":-67,""snr"":null,""ta"":0,""level"":2,""bands"":""7""}]"
1780907242716,2026-06-08 17:27:22,walking,37.54684429,127.06696105,6.174172,1.15,298.3,58.9244384765625,LTE,LTE_CA,4G,false,false,false,false,false,52544265,59,100,1,8282,450,06,-71,-10,-51,,4,0,,,,0,0,0.0000,0.0000,0,0,0.0000,0.0000,false,6,0,6,-68,59,2600,1.15,true,false,periodic,0,1,,,5001,52545041,-79,-13,"[{""type"":""LTE"",""pci"":59,""earfcn"":2600,""tac"":null,""rsrp"":-68,""rsrq"":-12,""rssi"":-51,""snr"":null,""ta"":0,""level"":4,""bands"":""5""},{""type"":""LTE"",""pci"":421,""earfcn"":2600,""tac"":null,""rsrp"":-73,""rsrq"":-18,""rssi"":-51,""snr"":null,""ta"":0,""level"":4,""bands"":""5""},{""type"":""LTE"",""pci"":421,""earfcn"":100,""tac"":null,""rsrp"":-81,""rsrq"":-16,""rssi"":-55,""snr"":null,""ta"":0,""level"":4,""bands"":""1""},{""type"":""LTE"",""pci"":248,""earfcn"":100,""tac"":null,""rsrp"":-83,""rsrq"":-19,""rssi"":-55,""snr"":null,""ta"":0,""level"":4,""bands"":""1""},{""type"":""LTE"",""pci"":168,""earfcn"":3050,""tac"":null,""rsrp"":-87,""rsrq"":-11,""rssi"":-65,""snr"":null,""ta"":0,""level"":3,""bands"":""7""},{""type"":""LTE"",""pci"":248,""earfcn"":3050,""tac"":null,""rsrp"":-90,""rsrq"":-15,""rssi"":-65,""snr"":null,""ta"":0,""level"":3,""bands"":""7""}]"
1780907247729,2026-06-08 17:27:27,walking,37.54687329,127.06688014,8.41296,1.19,297.1,59.2149658203125,LTE,NR_NSA,5G,true,false,true,false,false,52544265,59,100,1,8282,450,06,-71,-10,-51,,4,0,,,,0,0,0.0000,0.0000,0,0,0.0000,0.0000,false,6,0,6,-68,59,2600,1.19,false,false,periodic,5,1,0,,10014,,,,"[{""type"":""LTE"",""pci"":59,""earfcn"":2600,""tac"":null,""rsrp"":-68,""rsrq"":-12,""rssi"":-51,""snr"":null,""ta"":0,""level"":4,""bands"":""5""},{""type"":""LTE"",""pci"":421,""earfcn"":2600,""tac"":null,""rsrp"":-73,""rsrq"":-18,""rssi"":-51,""snr"":null,""ta"":0,""level"":4,""bands"":""5""},{""type"":""LTE"",""pci"":421,""earfcn"":100,""tac"":null,""rsrp"":-81,""rsrq"":-16,""rssi"":-55,""snr"":null,""ta"":0,""level"":4,""bands"":""1""},{""type"":""LTE"",""pci"":248,""earfcn"":100,""tac"":null,""rsrp"":-83,""rsrq"":-19,""rssi"":-55,""snr"":null,""ta"":0,""level"":4,""bands"":""1""},{""type"":""LTE"",""pci"":168,""earfcn"":3050,""tac"":null,""rsrp"":-87,""rsrq"":-11,""rssi"":-65,""snr"":null,""ta"":0,""level"":3,""bands"":""7""},{""type"":""LTE"",""pci"":248,""earfcn"":3050,""tac"":null,""rsrp"":-90,""rsrq"":-15,""rssi"":-65,""snr"":null,""ta"":0,""level"":3,""bands"":""7""}]"
1780907252739,2026-06-08 17:27:32,walking,37.54689956,127.06682867,7.312529,1.33,330.4,59.13787841796875,LTE,NR_NSA,5G,true,false,true,false,false,52544265,59,100,1,8282,450,06,-68,-9,-51,,4,,,,,0,0,0.0000,0.0000,0,0,0.0000,0.0000,false,8,0,8,-63,59,2600,1.33,false,false,periodic,10,1,3,,5001,,,,"[{""type"":""LTE"",""pci"":59,""earfcn"":2600,""tac"":null,""rsrp"":-63,""rsrq"":-13,""rssi"":-51,""snr"":null,""ta"":null,""level"":4,""bands"":""5""},{""type"":""LTE"",""pci"":421,""earfcn"":2600,""tac"":null,""rsrp"":-71,""rsrq"":-19,""rssi"":-51,""snr"":null,""ta"":null,""level"":4,""bands"":""5""},{""type"":""LTE"",""pci"":248,""earfcn"":100,""tac"":null,""rsrp"":-73,""rsrq"":-17,""rssi"":-51,""snr"":null,""ta"":null,""level"":4,""bands"":""1""},{""type"":""LTE"",""pci"":421,""earfcn"":100,""tac"":null,""rsrp"":-82,""rsrq"":-20,""rssi"":-51,""snr"":null,""ta"":null,""level"":4,""bands"":""1""},{""type"":""LTE"",""pci"":248,""earfcn"":3050,""tac"":null,""rsrp"":-82,""rsrq"":-11,""rssi"":-61,""snr"":null,""ta"":null,""level"":4,""bands"":""7""},{""type"":""LTE"",""pci"":168,""earfcn"":100,""tac"":null,""rsrp"":-84,""rsrq"":-20,""rssi"":-51,""snr"":null,""ta"":null,""level"":4,""bands"":""1""},{""type"":""LTE"",""pci"":168,""earfcn"":3050,""tac"":null,""rsrp"":-85,""rsrq"":-16,""rssi"":-61,""snr"":null,""ta"":null,""level"":4,""bands"":""7""},{""type"":""LTE"",""pci"":418,""earfcn"":3050,""tac"":null,""rsrp"":-88,""rsrq"":-18,""rssi"":-61,""snr"":null,""ta"":null,""level"":3,""bands"":""7""}]"
1780907257751,2026-06-08 17:27:37,walking,37.54693378,127.0668603,5.523456,0.0,,53.66400146484375,LTE,LTE_CA,4G,false,false,false,false,false,52544265,59,100,1,8282,450,06,-68,-9,-51,,4,,,,,224,59,0.0018,0.0005,224,59,0.0018,0.0005,false,8,0,8,-63,59,2600,3.8062758,false,false,periodic,15,1,0,,10013,,,,"[{""type"":""LTE"",""pci"":59,""earfcn"":2600,""tac"":null,""rsrp"":-63,""rsrq"":-13,""rssi"":-51,""snr"":null,""ta"":null,""level"":4,""bands"":""5""},{""type"":""LTE"",""pci"":421,""earfcn"":2600,""tac"":null,""rsrp"":-71,""rsrq"":-19,""rssi"":-51,""snr"":null,""ta"":null,""level"":4,""bands"":""5""},{""type"":""LTE"",""pci"":248,""earfcn"":100,""tac"":null,""rsrp"":-73,""rsrq"":-17,""rssi"":-51,""snr"":null,""ta"":null,""level"":4,""bands"":""1""},{""type"":""LTE"",""pci"":421,""earfcn"":100,""tac"":null,""rsrp"":-82,""rsrq"":-20,""rssi"":-51,""snr"":null,""ta"":null,""level"":4,""bands"":""1""},{""type"":""LTE"",""pci"":248,""earfcn"":3050,""tac"":null,""rsrp"":-82,""rsrq"":-11,""rssi"":-61,""snr"":null,""ta"":null,""level"":4,""bands"":""7""},{""type"":""LTE"",""pci"":168,""earfcn"":100,""tac"":null,""rsrp"":-84,""rsrq"":-20,""rssi"":-51,""snr"":null,""ta"":null,""level"":4,""bands"":""1""},{""type"":""LTE"",""pci"":168,""earfcn"":3050,""tac"":null,""rsrp"":-85,""rsrq"":-16,""rssi"":-61,""snr"":null,""ta"":null,""level"":4,""bands"":""7""},{""type"":""LTE"",""pci"":418,""earfcn"":3050,""tac"":null,""rsrp"":-88,""rsrq"":-18,""rssi"":-61,""snr"":null,""ta"":null,""level"":3,""bands"":""7""}]"
1780907262760,2026-06-08 17:27:42,walking,37.54693378,127.0668603,5.523456,0.0,,53.66400146484375,LTE,LTE_CA,4G,false,false,false,false,false,52544265,59,100,1,8282,450,06,-67,-10,-51,,4,0,,,,85,28,0.0007,0.0002,85,28,0.0007,0.0002,false,5,0,5,-63,59,2600,0.07438604,false,false,periodic,20,1,1,,5003,,,,"[{""type"":""LTE"",""pci"":59,""earfcn"":2600,""tac"":null,""rsrp"":-63,""rsrq"":-12,""rssi"":-51,""snr"":null,""ta"":0,""level"":4,""bands"":""5""},{""type"":""LTE"",""pci"":46,""earfcn"":2600,""tac"":null,""rsrp"":-70,""rsrq"":-18,""rssi"":-51,""snr"":null,""ta"":0,""level"":4,""bands"":""5""},{""type"":""LTE"",""pci"":46,""earfcn"":3050,""tac"":null,""rsrp"":-73,""rsrq"":-9,""rssi"":-53,""snr"":null,""ta"":0,""level"":4,""bands"":""7""},{""type"":""LTE"",""pci"":46,""earfcn"":100,""tac"":null,""rsrp"":-79,""rsrq"":-17,""rssi"":-53,""snr"":null,""ta"":0,""level"":4,""bands"":""1""},{""type"":""LTE"",""pci"":225,""earfcn"":3050,""tac"":null,""rsrp"":-84,""rsrq"":-20,""rssi"":-53,""snr"":null,""ta"":0,""level"":4,""bands"":""7""}]"
1780907267772,2026-06-08 17:27:47,walking,37.54693378,127.0668603,5.523456,0.0,,53.66400146484375,LTE,LTE_CA,4G,false,false,false,false,false,52544265,59,100,1,8282,450,06,-67,-10,-51,,4,0,,,,0,0,0.0000,0.0000,0,0,0.0000,0.0000,false,5,0,5,-63,59,2600,0.036259163,false,false,periodic,25,1,0,,10014,,,,"[{""type"":""LTE"",""pci"":59,""earfcn"":2600,""tac"":null,""rsrp"":-63,""rsrq"":-12,""rssi"":-51,""snr"":null,""ta"":0,""level"":4,""bands"":""5""},{""type"":""LTE"",""pci"":46,""earfcn"":2600,""tac"":null,""rsrp"":-70,""rsrq"":-18,""rssi"":-51,""snr"":null,""ta"":0,""level"":4,""bands"":""5""},{""type"":""LTE"",""pci"":46,""earfcn"":3050,""tac"":null,""rsrp"":-73,""rsrq"":-9,""rssi"":-53,""snr"":null,""ta"":0,""level"":4,""bands"":""7""},{""type"":""LTE"",""pci"":46,""earfcn"":100,""tac"":null,""rsrp"":-79,""rsrq"":-17,""rssi"":-53,""snr"":null,""ta"":0,""level"":4,""bands"":""1""},{""type"":""LTE"",""pci"":225,""earfcn"":3050,""tac"":null,""rsrp"":-84,""rsrq"":-20,""rssi"":-53,""snr"":null,""ta"":0,""level"":4,""bands"":""7""}]"
1780907272783,2026-06-08 17:27:52,walking,37.54693378,127.0668603,5.523456,0.0,,53.66400146484375,LTE,LTE_CA,4G,false,false,false,false,false,52544265,59,100,1,8282,450,06,-63,-8,-51,,4,0,,,,0,0,0.0000,0.0000,0,0,0.0000,0.0000,false,8,0,8,-61,59,2600,0.07405564,false,false,periodic,30,0,4,,5001,,,,"[{""type"":""LTE"",""pci"":59,""earfcn"":2600,""tac"":null,""rsrp"":-61,""rsrq"":-12,""rssi"":-51,""snr"":null,""ta"":0,""level"":4,""bands"":""5""},{""type"":""LTE"",""pci"":421,""earfcn"":2600,""tac"":null,""rsrp"":-69,""rsrq"":-20,""rssi"":-51,""snr"":null,""ta"":0,""level"":4,""bands"":""5""},{""type"":""LTE"",""pci"":46,""earfcn"":2600,""tac"":null,""rsrp"":-72,""rsrq"":-17,""rssi"":-51,""snr"":null,""ta"":0,""level"":4,""bands"":""5""},{""type"":""LTE"",""pci"":168,""earfcn"":100,""tac"":null,""rsrp"":-75,""rsrq"":-17,""rssi"":-51,""snr"":null,""ta"":0,""level"":4,""bands"":""1""},{""type"":""LTE"",""pci"":46,""earfcn"":3050,""tac"":null,""rsrp"":-79,""rsrq"":-14,""rssi"":-55,""snr"":null,""ta"":0,""level"":4,""bands"":""7""},{""type"":""LTE"",""pci"":46,""earfcn"":100,""tac"":null,""rsrp"":-82,""rsrq"":-18,""rssi"":-51,""snr"":null,""ta"":0,""level"":4,""bands"":""1""},{""type"":""LTE"",""pci"":421,""earfcn"":100,""tac"":null,""rsrp"":-82,""rsrq"":-20,""rssi"":-51,""snr"":null,""ta"":0,""level"":4,""bands"":""1""},{""type"":""LTE"",""pci"":168,""earfcn"":3050,""tac"":null,""rsrp"":-82,""rsrq"":-17,""rssi"":-55,""snr"":null,""ta"":0,""level"":4,""bands"":""7""}]"
1780907277795,2026-06-08 17:27:57,walking,37.54693378,127.0668603,5.523456,0.0,,53.66400146484375,LTE,NR_NSA,5G,true,false,true,false,false,52544265,59,100,1,8282,450,06,-63,-8,-51,,4,0,,,,0,0,0.0000,0.0000,0,0,0.0000,0.0000,false,8,0,8,-61,59,2600,0.22984548,false,false,periodic,35,0,0,,10013,,,,"[{""type"":""LTE"",""pci"":59,""earfcn"":2600,""tac"":null,""rsrp"":-61,""rsrq"":-12,""rssi"":-51,""snr"":null,""ta"":0,""level"":4,""bands"":""5""},{""type"":""LTE"",""pci"":421,""earfcn"":2600,""tac"":null,""rsrp"":-69,""rsrq"":-20,""rssi"":-51,""snr"":null,""ta"":0,""level"":4,""bands"":""5""},{""type"":""LTE"",""pci"":46,""earfcn"":2600,""tac"":null,""rsrp"":-72,""rsrq"":-17,""rssi"":-51,""snr"":null,""ta"":0,""level"":4,""bands"":""5""},{""type"":""LTE"",""pci"":168,""earfcn"":100,""tac"":null,""rsrp"":-75,""rsrq"":-17,""rssi"":-51,""snr"":null,""ta"":0,""level"":4,""bands"":""1""},{""type"":""LTE"",""pci"":46,""earfcn"":3050,""tac"":null,""rsrp"":-79,""rsrq"":-14,""rssi"":-55,""snr"":null,""ta"":0,""level"":4,""bands"":""7""},{""type"":""LTE"",""pci"":46,""earfcn"":100,""tac"":null,""rsrp"":-82,""rsrq"":-18,""rssi"":-51,""snr"":null,""ta"":0,""level"":4,""bands"":""1""},{""type"":""LTE"",""pci"":421,""earfcn"":100,""tac"":null,""rsrp"":-82,""rsrq"":-20,""rssi"":-51,""snr"":null,""ta"":0,""level"":4,""bands"":""1""},{""type"":""LTE"",""pci"":168,""earfcn"":3050,""tac"":null,""rsrp"":-82,""rsrq"":-17,""rssi"":-55,""snr"":null,""ta"":0,""level"":4,""bands"":""7""}]"
1780907282804,2026-06-08 17:28:02,walking,37.54693378,127.0668603,5.523456,0.0,,53.66400146484375,LTE,NR_NSA,5G,true,false,true,false,false,52544265,59,100,1,8282,450,06,-66,-13,-51,,4,,,,,0,0,0.0000,0.0000,0,0,0.0000,0.0000,false,6,0,6,-55,59,2600,0.02412286,false,false,periodic,40,0,-3,,5003,,,,"[{""type"":""LTE"",""pci"":59,""earfcn"":2600,""tac"":null,""rsrp"":-55,""rsrq"":-13,""rssi"":-51,""snr"":null,""ta"":null,""level"":4,""bands"":""5""},{""type"":""LTE"",""pci"":421,""earfcn"":100,""tac"":null,""rsrp"":-73,""rsrq"":-20,""rssi"":-51,""snr"":null,""ta"":null,""level"":4,""bands"":""1""},{""type"":""LTE"",""pci"":46,""earfcn"":100,""tac"":null,""rsrp"":-73,""rsrq"":-20,""rssi"":-51,""snr"":null,""ta"":null,""level"":4,""bands"":""1""},{""type"":""LTE"",""pci"":168,""earfcn"":100,""tac"":null,""rsrp"":-74,""rsrq"":-20,""rssi"":-51,""snr"":null,""ta"":null,""level"":4,""bands"":""1""},{""type"":""LTE"",""pci"":46,""earfcn"":3050,""tac"":null,""rsrp"":-75,""rsrq"":-7,""rssi"":-59,""snr"":null,""ta"":null,""level"":4,""bands"":""7""},{""type"":""LTE"",""pci"":168,""earfcn"":3050,""tac"":null,""rsrp"":-87,""rsrq"":-16,""rssi"":-59,""snr"":null,""ta"":null,""level"":3,""bands"":""7""}]"
1780907287812,2026-06-08 17:28:07,walking,37.54693378,127.0668603,5.523456,0.0,,53.66400146484375,LTE,LTE_CA,4G,false,false,false,false,false,52544265,59,100,1,8282,450,06,-66,-13,-51,,4,,,,,474,326,0.0038,0.0026,474,326,0.0038,0.0026,false,6,0,6,-55,59,2600,10.323227,false,false,periodic,45,0,0,,10014,,,,"[{""type"":""LTE"",""pci"":59,""earfcn"":2600,""tac"":null,""rsrp"":-55,""rsrq"":-13,""rssi"":-51,""snr"":null,""ta"":null,""level"":4,""bands"":""5""},{""type"":""LTE"",""pci"":421,""earfcn"":100,""tac"":null,""rsrp"":-73,""rsrq"":-20,""rssi"":-51,""snr"":null,""ta"":null,""level"":4,""bands"":""1""},{""type"":""LTE"",""pci"":46,""earfcn"":100,""tac"":null,""rsrp"":-73,""rsrq"":-20,""rssi"":-51,""snr"":null,""ta"":null,""level"":4,""bands"":""1""},{""type"":""LTE"",""pci"":168,""earfcn"":100,""tac"":null,""rsrp"":-74,""rsrq"":-20,""rssi"":-51,""snr"":null,""ta"":null,""level"":4,""bands"":""1""},{""type"":""LTE"",""pci"":46,""earfcn"":3050,""tac"":null,""rsrp"":-75,""rsrq"":-7,""rssi"":-59,""snr"":null,""ta"":null,""level"":4,""bands"":""7""},{""type"":""LTE"",""pci"":168,""earfcn"":3050,""tac"":null,""rsrp"":-87,""rsrq"":-16,""rssi"":-59,""snr"":null,""ta"":null,""level"":3,""bands"":""7""}]"
1780907293000,2026-06-08 17:28:13,walking,37.54695115,127.06684537,4.960102,0.0,,47.60638427734375,LTE,NR_NSA,5G,true,false,true,false,false,52544265,59,100,1,8282,450,06,-63,-7,-51,12,4,0,,,,246705,16031,1.9736,0.1282,246705,16031,1.9736,0.1282,false,7,0,7,-57,59,2600,1.2222093,false,false,periodic,50,0,3,,5110,,,,"[{""type"":""LTE"",""pci"":59,""earfcn"":2600,""tac"":null,""rsrp"":-57,""rsrq"":-12,""rssi"":-51,""snr"":null,""ta"":0,""level"":4,""bands"":""5""},{""type"":""LTE"",""pci"":46,""earfcn"":3050,""tac"":null,""rsrp"":-68,""rsrq"":-7,""rssi"":-51,""snr"":null,""ta"":0,""level"":4,""bands"":""7""},{""type"":""LTE"",""pci"":421,""earfcn"":2600,""tac"":null,""rsrp"":-68,""rsrq"":-19,""rssi"":-51,""snr"":null,""ta"":0,""level"":4,""bands"":""5""},{""type"":""LTE"",""pci"":46,""earfcn"":100,""tac"":null,""rsrp"":-75,""rsrq"":-17,""rssi"":-51,""snr"":null,""ta"":0,""level"":4,""bands"":""1""},{""type"":""LTE"",""pci"":168,""earfcn"":3050,""tac"":null,""rsrp"":-78,""rsrq"":-18,""rssi"":-51,""snr"":null,""ta"":0,""level"":4,""bands"":""7""},{""type"":""LTE"",""pci"":421,""earfcn"":100,""tac"":null,""rsrp"":-80,""rsrq"":-20,""rssi"":-51,""snr"":null,""ta"":0,""level"":4,""bands"":""1""},{""type"":""LTE"",""pci"":248,""earfcn"":3050,""tac"":null,""rsrp"":-93,""rsrq"":-20,""rssi"":-63,""snr"":null,""ta"":0,""level"":3,""bands"":""7""}]"
1780907298010,2026-06-08 17:28:18,walking,37.54695115,127.06684537,4.960102,0.0,,47.60638427734375,LTE,NR_NSA,5G,true,false,true,false,false,52544265,59,100,1,8282,450,06,-63,-9,-51,10,4,0,,,,139967,18679,1.1197,0.1494,139967,18679,1.1197,0.1494,false,8,0,8,-60,59,2600,0.60914457,false,false,periodic,55,0,0,-2,4998,,,,"[{""type"":""LTE"",""pci"":59,""earfcn"":2600,""tac"":null,""rsrp"":-60,""rsrq"":-7,""rssi"":-51,""snr"":null,""ta"":0,""level"":4,""bands"":""5""},{""type"":""LTE"",""pci"":46,""earfcn"":3050,""tac"":null,""rsrp"":-62,""rsrq"":-7,""rssi"":-51,""snr"":null,""ta"":0,""level"":4,""bands"":""7""},{""type"":""LTE"",""pci"":46,""earfcn"":100,""tac"":null,""rsrp"":-66,""rsrq"":-14,""rssi"":-51,""snr"":null,""ta"":0,""level"":4,""bands"":""1""},{""type"":""LTE"",""pci"":46,""earfcn"":2600,""tac"":null,""rsrp"":-75,""rsrq"":-20,""rssi"":-51,""snr"":null,""ta"":0,""level"":4,""bands"":""5""},{""type"":""LTE"",""pci"":168,""earfcn"":100,""tac"":null,""rsrp"":-76,""rsrq"":-20,""rssi"":-51,""snr"":null,""ta"":0,""level"":4,""bands"":""1""},{""type"":""LTE"",""pci"":248,""earfcn"":3050,""tac"":null,""rsrp"":-80,""rsrq"":-19,""rssi"":-51,""snr"":null,""ta"":0,""level"":4,""bands"":""7""},{""type"":""LTE"",""pci"":421,""earfcn"":2600,""tac"":null,""rsrp"":-80,""rsrq"":-20,""rssi"":-51,""snr"":null,""ta"":0,""level"":4,""bands"":""5""},{""type"":""LTE"",""pci"":168,""earfcn"":3050,""tac"":null,""rsrp"":-81,""rsrq"":-20,""rssi"":-51,""snr"":null,""ta"":0,""level"":4,""bands"":""7""}]"
1780907303020,2026-06-08 17:28:23,walking,37.54695436,127.06683299,4.4859705,0.66,341.1,49.5360107421875,LTE,NR_NSA,5G,true,false,true,false,false,52544265,59,100,1,8282,450,06,-64,-9,-51,7,4,0,,,,6874,414,0.0550,0.0033,6834,374,0.0547,0.0030,false,6,0,6,-53,59,2600,0.66,false,false,periodic,60,0,-1,-3,5002,,,,"[{""type"":""LTE"",""pci"":59,""earfcn"":2600,""tac"":null,""rsrp"":-53,""rsrq"":-8,""rssi"":-51,""snr"":null,""ta"":0,""level"":4,""bands"":""5""},{""type"":""LTE"",""pci"":46,""earfcn"":3050,""tac"":null,""rsrp"":-61,""rsrq"":-7,""rssi"":-51,""snr"":null,""ta"":0,""level"":4,""bands"":""7""},{""type"":""LTE"",""pci"":46,""earfcn"":2600,""tac"":null,""rsrp"":-62,""rsrq"":-17,""rssi"":-51,""snr"":null,""ta"":0,""level"":4,""bands"":""5""},{""type"":""LTE"",""pci"":46,""earfcn"":100,""tac"":null,""rsrp"":-66,""rsrq"":-12,""rssi"":-51,""snr"":null,""ta"":0,""level"":4,""bands"":""1""},{""type"":""LTE"",""pci"":168,""earfcn"":3050,""tac"":null,""rsrp"":-71,""rsrq"":-18,""rssi"":-51,""snr"":null,""ta"":0,""level"":4,""bands"":""7""},{""type"":""LTE"",""pci"":421,""earfcn"":2600,""tac"":null,""rsrp"":-80,""rsrq"":-20,""rssi"":-51,""snr"":null,""ta"":0,""level"":4,""bands"":""5""}]"
1780907308031,2026-06-08 17:28:28,walking,37.54698711,127.06676128,3.874178,1.12,298.2,48.706298828125,LTE,NR_NSA,5G,true,false,true,false,false,52544265,59,100,1,8282,450,06,-64,-12,-51,6,4,0,,,,17678,8264,0.1414,0.0661,17658,8244,0.1413,0.0660,false,6,0,6,-58,59,2600,1.12,false,false,periodic,65,0,0,-1,5001,,,,"[{""type"":""LTE"",""pci"":59,""earfcn"":2600,""tac"":null,""rsrp"":-58,""rsrq"":-11,""rssi"":-51,""snr"":null,""ta"":0,""level"":4,""bands"":""5""},{""type"":""LTE"",""pci"":46,""earfcn"":2600,""tac"":null,""rsrp"":-68,""rsrq"":-20,""rssi"":-51,""snr"":null,""ta"":0,""level"":4,""bands"":""5""},{""type"":""LTE"",""pci"":46,""earfcn"":3050,""tac"":null,""rsrp"":-70,""rsrq"":-10,""rssi"":-51,""snr"":null,""ta"":0,""level"":4,""bands"":""7""},{""type"":""LTE"",""pci"":46,""earfcn"":100,""tac"":null,""rsrp"":-73,""rsrq"":-19,""rssi"":-51,""snr"":null,""ta"":0,""level"":4,""bands"":""1""},{""type"":""LTE"",""pci"":225,""earfcn"":3050,""tac"":null,""rsrp"":-83,""rsrq"":-20,""rssi"":-51,""snr"":null,""ta"":0,""level"":4,""bands"":""7""},{""type"":""LTE"",""pci"":168,""earfcn"":3050,""tac"":null,""rsrp"":-84,""rsrq"":-20,""rssi"":-51,""snr"":null,""ta"":0,""level"":4,""bands"":""7""}]"
1780907313039,2026-06-08 17:28:33,walking,37.54699985,127.06670882,3.7900925,1.03,293.2,48.9473876953125,LTE,NR_NSA,5G,true,false,true,false,false,52544265,59,100,1,8282,450,06,-62,-11,-51,9,4,0,,,,96318,24635,0.7705,0.1971,96298,24616,0.7704,0.1969,false,7,0,7,-59,59,2600,1.03,false,false,periodic,70,0,2,3,5001,,,,"[{""type"":""LTE"",""pci"":59,""earfcn"":2600,""tac"":null,""rsrp"":-59,""rsrq"":-9,""rssi"":-51,""snr"":null,""ta"":0,""level"":4,""bands"":""5""},{""type"":""LTE"",""pci"":46,""earfcn"":100,""tac"":null,""rsrp"":-68,""rsrq"":-18,""rssi"":-51,""snr"":null,""ta"":0,""level"":4,""bands"":""1""},{""type"":""LTE"",""pci"":46,""earfcn"":3050,""tac"":null,""rsrp"":-69,""rsrq"":-7,""rssi"":-53,""snr"":null,""ta"":0,""level"":4,""bands"":""7""},{""type"":""LTE"",""pci"":46,""earfcn"":2600,""tac"":null,""rsrp"":-69,""rsrq"":-18,""rssi"":-51,""snr"":null,""ta"":0,""level"":4,""bands"":""5""},{""type"":""LTE"",""pci"":421,""earfcn"":100,""tac"":null,""rsrp"":-75,""rsrq"":-20,""rssi"":-51,""snr"":null,""ta"":0,""level"":4,""bands"":""1""},{""type"":""LTE"",""pci"":225,""earfcn"":3050,""tac"":null,""rsrp"":-82,""rsrq"":-17,""rssi"":-51,""snr"":null,""ta"":0,""level"":4,""bands"":""7""},{""type"":""LTE"",""pci"":168,""earfcn"":3050,""tac"":null,""rsrp"":-85,""rsrq"":-15,""rssi"":-53,""snr"":null,""ta"":0,""level"":4,""bands"":""7""}]"
1780907318047,2026-06-08 17:28:38,walking,37.54701633,127.06663592,3.7900925,1.09,285.4,50.70599365234375,LTE,NR_NSA,5G,true,false,true,false,false,52544265,59,100,1,8282,450,06,-59,-9,-51,9,4,0,,,,2176,3304,0.0174,0.0264,2176,3304,0.0174,0.0264,false,7,0,7,-57,59,2600,1.09,false,false,periodic,75,0,3,0,5002,,,,"[{""type"":""LTE"",""pci"":59,""earfcn"":2600,""tac"":null,""rsrp"":-57,""rsrq"":-6,""rssi"":-51,""snr"":null,""ta"":0,""level"":4,""bands"":""5""},{""type"":""LTE"",""pci"":46,""earfcn"":2600,""tac"":null,""rsrp"":-73,""rsrq"":-20,""rssi"":-51,""snr"":null,""ta"":0,""level"":4,""bands"":""5""},{""type"":""LTE"",""pci"":421,""earfcn"":100,""tac"":null,""rsrp"":-75,""rsrq"":-19,""rssi"":-51,""snr"":null,""ta"":0,""level"":4,""bands"":""1""},{""type"":""LTE"",""pci"":46,""earfcn"":100,""tac"":null,""rsrp"":-76,""rsrq"":-20,""rssi"":-51,""snr"":null,""ta"":0,""level"":4,""bands"":""1""},{""type"":""LTE"",""pci"":46,""earfcn"":3050,""tac"":null,""rsrp"":-80,""rsrq"":-9,""rssi"":-61,""snr"":null,""ta"":0,""level"":4,""bands"":""7""},{""type"":""LTE"",""pci"":418,""earfcn"":3050,""tac"":null,""rsrp"":-91,""rsrq"":-15,""rssi"":-61,""snr"":null,""ta"":0,""level"":3,""bands"":""7""},{""type"":""LTE"",""pci"":168,""earfcn"":3050,""tac"":null,""rsrp"":-93,""rsrq"":-20,""rssi"":-61,""snr"":null,""ta"":0,""level"":3,""bands"":""7""}]"
1780907323061,2026-06-08 17:28:43,walking,37.54703155,127.0665924,3.7900925,1.01,329.5,51.072998046875,LTE,NR_NSA,5G,true,false,true,false,false,52544265,59,100,1,8282,450,06,-59,-9,-51,9,4,0,,,,2176,571,0.0174,0.0046,2176,571,0.0174,0.0046,false,7,0,7,-57,59,2600,1.01,false,false,periodic,80,0,0,0,10015,,,,"[{""type"":""LTE"",""pci"":59,""earfcn"":2600,""tac"":null,""rsrp"":-57,""rsrq"":-6,""rssi"":-51,""snr"":null,""ta"":0,""level"":4,""bands"":""5""},{""type"":""LTE"",""pci"":46,""earfcn"":2600,""tac"":null,""rsrp"":-73,""rsrq"":-20,""rssi"":-51,""snr"":null,""ta"":0,""level"":4,""bands"":""5""},{""type"":""LTE"",""pci"":421,""earfcn"":100,""tac"":null,""rsrp"":-75,""rsrq"":-19,""rssi"":-51,""snr"":null,""ta"":0,""level"":4,""bands"":""1""},{""type"":""LTE"",""pci"":46,""earfcn"":100,""tac"":null,""rsrp"":-76,""rsrq"":-20,""rssi"":-51,""snr"":null,""ta"":0,""level"":4,""bands"":""1""},{""type"":""LTE"",""pci"":46,""earfcn"":3050,""tac"":null,""rsrp"":-80,""rsrq"":-9,""rssi"":-61,""snr"":null,""ta"":0,""level"":4,""bands"":""7""},{""type"":""LTE"",""pci"":418,""earfcn"":3050,""tac"":null,""rsrp"":-91,""rsrq"":-15,""rssi"":-61,""snr"":null,""ta"":0,""level"":3,""bands"":""7""},{""type"":""LTE"",""pci"":168,""earfcn"":3050,""tac"":null,""rsrp"":-93,""rsrq"":-20,""rssi"":-61,""snr"":null,""ta"":0,""level"":3,""bands"":""7""}]"
1780907328074,2026-06-08 17:28:48,walking,37.54701148,127.06651658,3.7900925,1.01,225.6,51.48779296875,LTE,NR_NSA,5G,true,false,true,false,false,52544265,59,100,1,8282,450,06,-63,-10,-51,,4,0,,,,0,0,0.0000,0.0000,0,0,0.0000,0.0000,false,9,0,9,-59,59,2600,1.01,false,false,periodic,85,0,-4,,5003,,,,"[{""type"":""LTE"",""pci"":59,""earfcn"":2600,""tac"":null,""rsrp"":-59,""rsrq"":-10,""rssi"":-51,""snr"":null,""ta"":0,""level"":4,""bands"":""5""},{""type"":""LTE"",""pci"":46,""earfcn"":2600,""tac"":null,""rsrp"":-69,""rsrq"":-20,""rssi"":-51,""snr"":null,""ta"":0,""level"":4,""bands"":""5""},{""type"":""LTE"",""pci"":418,""earfcn"":2600,""tac"":null,""rsrp"":-69,""rsrq"":-20,""rssi"":-51,""snr"":null,""ta"":0,""level"":4,""bands"":""5""},{""type"":""LTE"",""pci"":421,""earfcn"":2600,""tac"":null,""rsrp"":-69,""rsrq"":-19,""rssi"":-51,""snr"":null,""ta"":0,""level"":4,""bands"":""5""},{""type"":""LTE"",""pci"":421,""earfcn"":100,""tac"":null,""rsrp"":-76,""rsrq"":-20,""rssi"":-51,""snr"":null,""ta"":0,""level"":4,""bands"":""1""},{""type"":""LTE"",""pci"":418,""earfcn"":100,""tac"":null,""rsrp"":-77,""rsrq"":-19,""rssi"":-51,""snr"":null,""ta"":0,""level"":4,""bands"":""1""},{""type"":""LTE"",""pci"":46,""earfcn"":100,""tac"":null,""rsrp"":-77,""rsrq"":-18,""rssi"":-51,""snr"":null,""ta"":0,""level"":4,""bands"":""1""},{""type"":""LTE"",""pci"":46,""earfcn"":3050,""tac"":null,""rsrp"":-83,""rsrq"":-9,""rssi"":-65,""snr"":null,""ta"":0,""level"":4,""bands"":""7""},{""type"":""LTE"",""pci"":418,""earfcn"":3050,""tac"":null,""rsrp"":-85,""rsrq"":-8,""rssi"":-65,""snr"":null,""ta"":0,""level"":4,""bands"":""7""}]"
1780907333085,2026-06-08 17:28:53,walking,37.54699942,127.06647478,3.7900925,0.84,295.1,49.868408203125,LTE,NR_NSA,5G,true,false,true,false,false,52544265,59,100,1,8282,450,06,-63,-10,-51,,4,0,,,,0,0,0.0000,0.0000,0,0,0.0000,0.0000,false,9,0,9,-59,59,2600,0.84,false,false,periodic,90,0,0,,10013,,,,"[{""type"":""LTE"",""pci"":59,""earfcn"":2600,""tac"":null,""rsrp"":-59,""rsrq"":-10,""rssi"":-51,""snr"":null,""ta"":0,""level"":4,""bands"":""5""},{""type"":""LTE"",""pci"":46,""earfcn"":2600,""tac"":null,""rsrp"":-69,""rsrq"":-20,""rssi"":-51,""snr"":null,""ta"":0,""level"":4,""bands"":""5""},{""type"":""LTE"",""pci"":418,""earfcn"":2600,""tac"":null,""rsrp"":-69,""rsrq"":-20,""rssi"":-51,""snr"":null,""ta"":0,""level"":4,""bands"":""5""},{""type"":""LTE"",""pci"":421,""earfcn"":2600,""tac"":null,""rsrp"":-69,""rsrq"":-19,""rssi"":-51,""snr"":null,""ta"":0,""level"":4,""bands"":""5""},{""type"":""LTE"",""pci"":421,""earfcn"":100,""tac"":null,""rsrp"":-76,""rsrq"":-20,""rssi"":-51,""snr"":null,""ta"":0,""level"":4,""bands"":""1""},{""type"":""LTE"",""pci"":418,""earfcn"":100,""tac"":null,""rsrp"":-77,""rsrq"":-19,""rssi"":-51,""snr"":null,""ta"":0,""level"":4,""bands"":""1""},{""type"":""LTE"",""pci"":46,""earfcn"":100,""tac"":null,""rsrp"":-77,""rsrq"":-18,""rssi"":-51,""snr"":null,""ta"":0,""level"":4,""bands"":""1""},{""type"":""LTE"",""pci"":46,""earfcn"":3050,""tac"":null,""rsrp"":-83,""rsrq"":-9,""rssi"":-65,""snr"":null,""ta"":0,""level"":4,""bands"":""7""},{""type"":""LTE"",""pci"":418,""earfcn"":3050,""tac"":null,""rsrp"":-85,""rsrq"":-8,""rssi"":-65,""snr"":null,""ta"":0,""level"":4,""bands"":""7""}]"
1780907338099,2026-06-08 17:28:58,walking,37.54701592,127.06640427,3.7900925,1.02,287.9,49.0474853515625,LTE,NR_NSA,5G,true,false,true,false,false,52544265,59,100,1,8282,450,06,-70,-12,-51,,4,,,,,261,1198,0.0021,0.0096,261,1198,0.0021,0.0096,false,7,0,7,-50,59,2600,1.02,false,false,periodic,95,0,-7,,4999,,,,"[{""type"":""LTE"",""pci"":59,""earfcn"":2600,""tac"":null,""rsrp"":-50,""rsrq"":-13,""rssi"":-51,""snr"":null,""ta"":null,""level"":4,""bands"":""5""},{""type"":""LTE"",""pci"":248,""earfcn"":3050,""tac"":null,""rsrp"":-74,""rsrq"":-8,""rssi"":-57,""snr"":null,""ta"":null,""level"":4,""bands"":""7""},{""type"":""LTE"",""pci"":168,""earfcn"":100,""tac"":null,""rsrp"":-76,""rsrq"":-12,""rssi"":-53,""snr"":null,""ta"":null,""level"":4,""bands"":""1""},{""type"":""LTE"",""pci"":248,""earfcn"":100,""tac"":null,""rsrp"":-80,""rsrq"":-15,""rssi"":-53,""snr"":null,""ta"":null,""level"":4,""bands"":""1""},{""type"":""LTE"",""pci"":46,""earfcn"":3050,""tac"":null,""rsrp"":-80,""rsrq"":-14,""rssi"":-57,""snr"":null,""ta"":null,""level"":4,""bands"":""7""},{""type"":""LTE"",""pci"":421,""earfcn"":100,""tac"":null,""rsrp"":-83,""rsrq"":-18,""rssi"":-53,""snr"":null,""ta"":null,""level"":4,""bands"":""1""},{""type"":""LTE"",""pci"":418,""earfcn"":100,""tac"":null,""rsrp"":-84,""rsrq"":-19,""rssi"":-53,""snr"":null,""ta"":null,""level"":4,""bands"":""1""}]"
1780907343107,2026-06-08 17:29:03,walking,37.54702966,127.06636017,3.7900925,1.03,300.6,49.19268798828125,LTE,LTE_CA,4G,false,false,false,false,false,52544265,59,100,1,8282,450,06,-70,-12,-51,,4,,,,,0,0,0.0000,0.0000,0,0,0.0000,0.0000,false,7,0,7,-50,59,2600,1.03,false,false,periodic,100,0,0,,10010,,,,"[{""type"":""LTE"",""pci"":59,""earfcn"":2600,""tac"":null,""rsrp"":-50,""rsrq"":-13,""rssi"":-51,""snr"":null,""ta"":null,""level"":4,""bands"":""5""},{""type"":""LTE"",""pci"":248,""earfcn"":3050,""tac"":null,""rsrp"":-74,""rsrq"":-8,""rssi"":-57,""snr"":null,""ta"":null,""level"":4,""bands"":""7""},{""type"":""LTE"",""pci"":168,""earfcn"":100,""tac"":null,""rsrp"":-76,""rsrq"":-12,""rssi"":-53,""snr"":null,""ta"":null,""level"":4,""bands"":""1""},{""type"":""LTE"",""pci"":248,""earfcn"":100,""tac"":null,""rsrp"":-80,""rsrq"":-15,""rssi"":-53,""snr"":null,""ta"":null,""level"":4,""bands"":""1""},{""type"":""LTE"",""pci"":46,""earfcn"":3050,""tac"":null,""rsrp"":-80,""rsrq"":-14,""rssi"":-57,""snr"":null,""ta"":null,""level"":4,""bands"":""7""},{""type"":""LTE"",""pci"":421,""earfcn"":100,""tac"":null,""rsrp"":-83,""rsrq"":-18,""rssi"":-53,""snr"":null,""ta"":null,""level"":4,""bands"":""1""},{""type"":""LTE"",""pci"":418,""earfcn"":100,""tac"":null,""rsrp"":-84,""rsrq"":-19,""rssi"":-53,""snr"":null,""ta"":null,""level"":4,""bands"":""1""}]"
1780907348122,2026-06-08 17:29:08,walking,37.54705859,127.06631565,3.8908072,1.02,310.5,50.39813232421875,LTE,NR_NSA,5G,true,false,true,false,false,52544265,59,100,1,8282,450,06,-69,-11,-51,,4,0,,,,219,45,0.0018,0.0004,219,45,0.0018,0.0004,false,10,0,10,-67,59,2600,1.02,false,false,periodic,105,0,1,,4998,,,,"[{""type"":""LTE"",""pci"":59,""earfcn"":2600,""tac"":null,""rsrp"":-67,""rsrq"":-13,""rssi"":-51,""snr"":null,""ta"":0,""level"":4,""bands"":""5""},{""type"":""LTE"",""pci"":421,""earfcn"":2600,""tac"":null,""rsrp"":-68,""rsrq"":-18,""rssi"":-51,""snr"":null,""ta"":0,""level"":4,""bands"":""5""},{""type"":""LTE"",""pci"":418,""earfcn"":2600,""tac"":null,""rsrp"":-70,""rsrq"":-17,""rssi"":-51,""snr"":null,""ta"":0,""level"":4,""bands"":""5""},{""type"":""LTE"",""pci"":168,""earfcn"":100,""tac"":null,""rsrp"":-72,""rsrq"":-16,""rssi"":-51,""snr"":null,""ta"":0,""level"":4,""bands"":""1""},{""type"":""LTE"",""pci"":168,""earfcn"":2600,""tac"":null,""rsrp"":-73,""rsrq"":-19,""rssi"":-51,""snr"":null,""ta"":0,""level"":4,""bands"":""5""},{""type"":""LTE"",""pci"":421,""earfcn"":100,""tac"":null,""rsrp"":-74,""rsrq"":-17,""rssi"":-51,""snr"":null,""ta"":0,""level"":4,""bands"":""1""},{""type"":""LTE"",""pci"":248,""earfcn"":100,""tac"":null,""rsrp"":-75,""rsrq"":-19,""rssi"":-51,""snr"":null,""ta"":0,""level"":4,""bands"":""1""},{""type"":""LTE"",""pci"":168,""earfcn"":3050,""tac"":null,""rsrp"":-75,""rsrq"":-11,""rssi"":-53,""snr"":null,""ta"":0,""level"":4,""bands"":""7""},{""type"":""LTE"",""pci"":248,""earfcn"":3050,""tac"":null,""rsrp"":-78,""rsrq"":-14,""rssi"":-53,""snr"":null,""ta"":0,""level"":4,""bands"":""7""},{""type"":""LTE"",""pci"":418,""earfcn"":3050,""tac"":null,""rsrp"":-86,""rsrq"":-16,""rssi"":-53,""snr"":null,""ta"":0,""level"":3,""bands"":""7""}]"
1780907353128,2026-06-08 17:29:13,walking,37.54707352,127.06627895,4.070568,0.92,300.8,52.21221923828125,LTE,LTE_CA,4G,false,false,false,false,false,52544265,59,100,1,8282,450,06,-69,-11,-51,,4,0,,,,133,420,0.0011,0.0034,133,420,0.0011,0.0034,false,10,0,10,-67,59,2600,0.92,false,false,periodic,110,0,0,,10004,,,,"[{""type"":""LTE"",""pci"":59,""earfcn"":2600,""tac"":null,""rsrp"":-67,""rsrq"":-13,""rssi"":-51,""snr"":null,""ta"":0,""level"":4,""bands"":""5""},{""type"":""LTE"",""pci"":421,""earfcn"":2600,""tac"":null,""rsrp"":-68,""rsrq"":-18,""rssi"":-51,""snr"":null,""ta"":0,""level"":4,""bands"":""5""},{""type"":""LTE"",""pci"":418,""earfcn"":2600,""tac"":null,""rsrp"":-70,""rsrq"":-17,""rssi"":-51,""snr"":null,""ta"":0,""level"":4,""bands"":""5""},{""type"":""LTE"",""pci"":168,""earfcn"":100,""tac"":null,""rsrp"":-72,""rsrq"":-16,""rssi"":-51,""snr"":null,""ta"":0,""level"":4,""bands"":""1""},{""type"":""LTE"",""pci"":168,""earfcn"":2600,""tac"":null,""rsrp"":-73,""rsrq"":-19,""rssi"":-51,""snr"":null,""ta"":0,""level"":4,""bands"":""5""},{""type"":""LTE"",""pci"":421,""earfcn"":100,""tac"":null,""rsrp"":-74,""rsrq"":-17,""rssi"":-51,""snr"":null,""ta"":0,""level"":4,""bands"":""1""},{""type"":""LTE"",""pci"":248,""earfcn"":100,""tac"":null,""rsrp"":-75,""rsrq"":-19,""rssi"":-51,""snr"":null,""ta"":0,""level"":4,""bands"":""1""},{""type"":""LTE"",""pci"":168,""earfcn"":3050,""tac"":null,""rsrp"":-75,""rsrq"":-11,""rssi"":-53,""snr"":null,""ta"":0,""level"":4,""bands"":""7""},{""type"":""LTE"",""pci"":248,""earfcn"":3050,""tac"":null,""rsrp"":-78,""rsrq"":-14,""rssi"":-53,""snr"":null,""ta"":0,""level"":4,""bands"":""7""},{""type"":""LTE"",""pci"":418,""earfcn"":3050,""tac"":null,""rsrp"":-86,""rsrq"":-16,""rssi"":-53,""snr"":null,""ta"":0,""level"":3,""bands"":""7""}]"
1780907358136,2026-06-08 17:29:18,walking,37.54710049,127.06622642,5.3277287,0.97,300.8,54.62738037109375,LTE,LTE_CA,4G,false,false,false,false,false,52543759,168,100,1,8282,450,06,-68,-13,-51,,4,0,,,,0,0,0.0000,0.0000,0,0,0.0000,0.0000,false,10,0,10,-61,59,2600,0.97,true,false,periodic,0,1,,,5000,52544265,-69,-11,"[{""type"":""LTE"",""pci"":59,""earfcn"":2600,""tac"":null,""rsrp"":-61,""rsrq"":-7,""rssi"":-51,""snr"":null,""ta"":0,""level"":4,""bands"":""5""},{""type"":""LTE"",""pci"":59,""earfcn"":100,""tac"":null,""rsrp"":-66,""rsrq"":-13,""rssi"":-51,""snr"":null,""ta"":0,""level"":4,""bands"":""1""},{""type"":""LTE"",""pci"":168,""earfcn"":2600,""tac"":null,""rsrp"":-70,""rsrq"":-13,""rssi"":-51,""snr"":null,""ta"":0,""level"":4,""bands"":""5""},{""type"":""LTE"",""pci"":80,""earfcn"":2600,""tac"":null,""rsrp"":-70,""rsrq"":-17,""rssi"":-51,""snr"":null,""ta"":0,""level"":4,""bands"":""5""},{""type"":""LTE"",""pci"":421,""earfcn"":2600,""tac"":null,""rsrp"":-70,""rsrq"":-17,""rssi"":-51,""snr"":null,""ta"":0,""level"":4,""bands"":""5""},{""type"":""LTE"",""pci"":421,""earfcn"":100,""tac"":null,""rsrp"":-71,""rsrq"":-13,""rssi"":-51,""snr"":null,""ta"":0,""level"":4,""bands"":""1""},{""type"":""LTE"",""pci"":168,""earfcn"":3050,""tac"":null,""rsrp"":-72,""rsrq"":-7,""rssi"":-55,""snr"":null,""ta"":0,""level"":4,""bands"":""7""},{""type"":""LTE"",""pci"":248,""earfcn"":3050,""tac"":null,""rsrp"":-85,""rsrq"":-16,""rssi"":-55,""snr"":null,""ta"":0,""level"":4,""bands"":""7""},{""type"":""LTE"",""pci"":418,""earfcn"":3050,""tac"":null,""rsrp"":-93,""rsrq"":-20,""rssi"":-55,""snr"":null,""ta"":0,""level"":3,""bands"":""7""},{""type"":""LTE"",""pci"":272,""earfcn"":3050,""tac"":null,""rsrp"":-93,""rsrq"":-20,""rssi"":-59,""snr"":null,""ta"":0,""level"":3,""bands"":""7""}]"
1780907363146,2026-06-08 17:29:23,walking,37.54710834,127.06618046,5.325064,0.98,281.9,55.7940673828125,LTE,LTE_CA,4G,false,false,false,false,false,52543759,168,100,1,8282,450,06,-68,-13,-51,,4,0,,,,0,0,0.0000,0.0000,0,0,0.0000,0.0000,false,10,0,10,-61,59,2600,0.98,false,false,periodic,5,1,0,,10011,,,,"[{""type"":""LTE"",""pci"":59,""earfcn"":2600,""tac"":null,""rsrp"":-61,""rsrq"":-7,""rssi"":-51,""snr"":null,""ta"":0,""level"":4,""bands"":""5""},{""type"":""LTE"",""pci"":59,""earfcn"":100,""tac"":null,""rsrp"":-66,""rsrq"":-13,""rssi"":-51,""snr"":null,""ta"":0,""level"":4,""bands"":""1""},{""type"":""LTE"",""pci"":168,""earfcn"":2600,""tac"":null,""rsrp"":-70,""rsrq"":-13,""rssi"":-51,""snr"":null,""ta"":0,""level"":4,""bands"":""5""},{""type"":""LTE"",""pci"":80,""earfcn"":2600,""tac"":null,""rsrp"":-70,""rsrq"":-17,""rssi"":-51,""snr"":null,""ta"":0,""level"":4,""bands"":""5""},{""type"":""LTE"",""pci"":421,""earfcn"":2600,""tac"":null,""rsrp"":-70,""rsrq"":-17,""rssi"":-51,""snr"":null,""ta"":0,""level"":4,""bands"":""5""},{""type"":""LTE"",""pci"":421,""earfcn"":100,""tac"":null,""rsrp"":-71,""rsrq"":-13,""rssi"":-51,""snr"":null,""ta"":0,""level"":4,""bands"":""1""},{""type"":""LTE"",""pci"":168,""earfcn"":3050,""tac"":null,""rsrp"":-72,""rsrq"":-7,""rssi"":-55,""snr"":null,""ta"":0,""level"":4,""bands"":""7""},{""type"":""LTE"",""pci"":248,""earfcn"":3050,""tac"":null,""rsrp"":-85,""rsrq"":-16,""rssi"":-55,""snr"":null,""ta"":0,""level"":4,""bands"":""7""},{""type"":""LTE"",""pci"":418,""earfcn"":3050,""tac"":null,""rsrp"":-93,""rsrq"":-20,""rssi"":-55,""snr"":null,""ta"":0,""level"":3,""bands"":""7""},{""type"":""LTE"",""pci"":272,""earfcn"":3050,""tac"":null,""rsrp"":-93,""rsrq"":-20,""rssi"":-59,""snr"":null,""ta"":0,""level"":3,""bands"":""7""}]"
1780907368156,2026-06-08 17:29:28,walking,37.5471416,127.06611166,4.9426656,1.02,316.1,56.67218017578125,LTE,NR_NSA,5G,true,false,true,false,false,52543759,168,100,1,8282,450,06,-68,-13,-51,,4,0,,,,0,0,0.0000,0.0000,0,0,0.0000,0.0000,false,7,0,7,-63,168,3050,1.02,false,false,periodic,10,1,0,,5002,,,,"[{""type"":""LTE"",""pci"":168,""earfcn"":3050,""tac"":null,""rsrp"":-63,""rsrq"":-6,""rssi"":-51,""snr"":null,""ta"":0,""level"":4,""bands"":""7""},{""type"":""LTE"",""pci"":59,""earfcn"":2600,""tac"":null,""rsrp"":-64,""rsrq"":-14,""rssi"":-51,""snr"":null,""ta"":0,""level"":4,""bands"":""5""},{""type"":""LTE"",""pci"":168,""earfcn"":2600,""tac"":null,""rsrp"":-66,""rsrq"":-13,""rssi"":-51,""snr"":null,""ta"":0,""level"":4,""bands"":""5""},{""type"":""LTE"",""pci"":59,""earfcn"":100,""tac"":null,""rsrp"":-69,""rsrq"":-12,""rssi"":-51,""snr"":null,""ta"":0,""level"":4,""bands"":""1""},{""type"":""LTE"",""pci"":421,""earfcn"":100,""tac"":null,""rsrp"":-74,""rsrq"":-18,""rssi"":-51,""snr"":null,""ta"":0,""level"":4,""bands"":""1""},{""type"":""LTE"",""pci"":248,""earfcn"":100,""tac"":null,""rsrp"":-75,""rsrq"":-18,""rssi"":-51,""snr"":null,""ta"":0,""level"":4,""bands"":""1""},{""type"":""LTE"",""pci"":248,""earfcn"":3050,""tac"":null,""rsrp"":-87,""rsrq"":-19,""rssi"":-51,""snr"":null,""ta"":0,""level"":3,""bands"":""7""}]"
1780907373166,2026-06-08 17:29:33,walking,37.54711803,127.06606017,4.0605984,1.06,234.9,58.9114990234375,LTE,NR_NSA,5G,true,false,true,false,false,52543759,168,100,1,8282,450,06,-68,-13,-51,,4,0,,,,0,0,0.0000,0.0000,0,0,0.0000,0.0000,false,7,0,7,-63,168,3050,1.06,false,false,periodic,15,1,0,,10012,,,,"[{""type"":""LTE"",""pci"":168,""earfcn"":3050,""tac"":null,""rsrp"":-63,""rsrq"":-6,""rssi"":-51,""snr"":null,""ta"":0,""level"":4,""bands"":""7""},{""type"":""LTE"",""pci"":59,""earfcn"":2600,""tac"":null,""rsrp"":-64,""rsrq"":-14,""rssi"":-51,""snr"":null,""ta"":0,""level"":4,""bands"":""5""},{""type"":""LTE"",""pci"":168,""earfcn"":2600,""tac"":null,""rsrp"":-66,""rsrq"":-13,""rssi"":-51,""snr"":null,""ta"":0,""level"":4,""bands"":""5""},{""type"":""LTE"",""pci"":59,""earfcn"":100,""tac"":null,""rsrp"":-69,""rsrq"":-12,""rssi"":-51,""snr"":null,""ta"":0,""level"":4,""bands"":""1""},{""type"":""LTE"",""pci"":421,""earfcn"":100,""tac"":null,""rsrp"":-74,""rsrq"":-18,""rssi"":-51,""snr"":null,""ta"":0,""level"":4,""bands"":""1""},{""type"":""LTE"",""pci"":248,""earfcn"":100,""tac"":null,""rsrp"":-75,""rsrq"":-18,""rssi"":-51,""snr"":null,""ta"":0,""level"":4,""bands"":""1""},{""type"":""LTE"",""pci"":248,""earfcn"":3050,""tac"":null,""rsrp"":-87,""rsrq"":-19,""rssi"":-51,""snr"":null,""ta"":0,""level"":3,""bands"":""7""}]"
1780907378179,2026-06-08 17:29:38,walking,37.54709852,127.06604083,3.8509133,1.04,218.4,54.13262939453125,LTE,LTE_CA,4G,false,false,false,false,false,52543759,168,100,1,8282,450,06,-63,-11,-51,,4,,,,,33,28,0.0003,0.0002,33,28,0.0003,0.0002,false,5,0,5,-57,168,2600,1.04,false,false,periodic,20,1,5,,5002,,,,"[{""type"":""LTE"",""pci"":168,""earfcn"":2600,""tac"":null,""rsrp"":-57,""rsrq"":-14,""rssi"":-51,""snr"":null,""ta"":null,""level"":4,""bands"":""5""},{""type"":""LTE"",""pci"":59,""earfcn"":2600,""tac"":null,""rsrp"":-59,""rsrq"":-15,""rssi"":-51,""snr"":null,""ta"":null,""level"":4,""bands"":""5""},{""type"":""LTE"",""pci"":168,""earfcn"":3050,""tac"":null,""rsrp"":-67,""rsrq"":-8,""rssi"":-51,""snr"":null,""ta"":null,""level"":4,""bands"":""7""},{""type"":""LTE"",""pci"":59,""earfcn"":100,""tac"":null,""rsrp"":-70,""rsrq"":-10,""rssi"":-51,""snr"":null,""ta"":null,""level"":4,""bands"":""1""},{""type"":""LTE"",""pci"":421,""earfcn"":100,""tac"":null,""rsrp"":-81,""rsrq"":-20,""rssi"":-51,""snr"":null,""ta"":null,""level"":4,""bands"":""1""}]"
1780907383196,2026-06-08 17:29:43,walking,37.54709233,127.06600202,4.6078067,0.41,227.9,50.87249755859375,LTE,LTE_CA,4G,false,false,false,false,false,52543759,168,100,1,8282,450,06,-63,-11,-51,,4,,,,,0,0,0.0000,0.0000,0,0,0.0000,0.0000,false,5,0,5,-57,168,2600,0.41,false,false,periodic,25,1,0,,10018,,,,"[{""type"":""LTE"",""pci"":168,""earfcn"":2600,""tac"":null,""rsrp"":-57,""rsrq"":-14,""rssi"":-51,""snr"":null,""ta"":null,""level"":4,""bands"":""5""},{""type"":""LTE"",""pci"":59,""earfcn"":2600,""tac"":null,""rsrp"":-59,""rsrq"":-15,""rssi"":-51,""snr"":null,""ta"":null,""level"":4,""bands"":""5""},{""type"":""LTE"",""pci"":168,""earfcn"":3050,""tac"":null,""rsrp"":-67,""rsrq"":-8,""rssi"":-51,""snr"":null,""ta"":null,""level"":4,""bands"":""7""},{""type"":""LTE"",""pci"":59,""earfcn"":100,""tac"":null,""rsrp"":-70,""rsrq"":-10,""rssi"":-51,""snr"":null,""ta"":null,""level"":4,""bands"":""1""},{""type"":""LTE"",""pci"":421,""earfcn"":100,""tac"":null,""rsrp"":-81,""rsrq"":-20,""rssi"":-51,""snr"":null,""ta"":null,""level"":4,""bands"":""1""}]"
1780907388210,2026-06-08 17:29:48,walking,37.54704614,127.06598757,6.250116,0.8,191.0,52.4228515625,LTE,NR_NSA,5G,true,false,true,false,false,52543759,168,100,1,8282,450,06,-65,-8,-51,,4,0,,,,0,0,0.0000,0.0000,0,0,0.0000,0.0000,false,5,0,5,-56,168,2600,0.8,false,false,periodic,30,0,-2,,5000,,,,"[{""type"":""LTE"",""pci"":168,""earfcn"":2600,""tac"":null,""rsrp"":-56,""rsrq"":-12,""rssi"":-51,""snr"":null,""ta"":0,""level"":4,""bands"":""5""},{""type"":""LTE"",""pci"":59,""earfcn"":2600,""tac"":null,""rsrp"":-63,""rsrq"":-17,""rssi"":-51,""snr"":null,""ta"":0,""level"":4,""bands"":""5""},{""type"":""LTE"",""pci"":168,""earfcn"":3050,""tac"":null,""rsrp"":-71,""rsrq"":-9,""rssi"":-53,""snr"":null,""ta"":0,""level"":4,""bands"":""7""},{""type"":""LTE"",""pci"":59,""earfcn"":100,""tac"":null,""rsrp"":-75,""rsrq"":-17,""rssi"":-51,""snr"":null,""ta"":0,""level"":4,""bands"":""1""},{""type"":""LTE"",""pci"":248,""earfcn"":3050,""tac"":null,""rsrp"":-85,""rsrq"":-20,""rssi"":-51,""snr"":null,""ta"":0,""level"":4,""bands"":""7""}]"
1780907393223,2026-06-08 17:29:53,walking,37.54700013,127.06591507,6.5494113,1.04,221.7,57.23699951171875,LTE,NR_NSA,5G,true,false,true,false,false,52543759,168,100,1,8282,450,06,-65,-8,-51,,4,0,,,,1399,2876,0.0112,0.0230,1379,2856,0.0110,0.0228,false,5,0,5,-56,168,2600,1.04,false,false,periodic,35,0,0,,10011,,,,"[{""type"":""LTE"",""pci"":168,""earfcn"":2600,""tac"":null,""rsrp"":-56,""rsrq"":-12,""rssi"":-51,""snr"":null,""ta"":0,""level"":4,""bands"":""5""},{""type"":""LTE"",""pci"":59,""earfcn"":2600,""tac"":null,""rsrp"":-63,""rsrq"":-17,""rssi"":-51,""snr"":null,""ta"":0,""level"":4,""bands"":""5""},{""type"":""LTE"",""pci"":168,""earfcn"":3050,""tac"":null,""rsrp"":-71,""rsrq"":-9,""rssi"":-53,""snr"":null,""ta"":0,""level"":4,""bands"":""7""},{""type"":""LTE"",""pci"":59,""earfcn"":100,""tac"":null,""rsrp"":-75,""rsrq"":-17,""rssi"":-51,""snr"":null,""ta"":0,""level"":4,""bands"":""1""},{""type"":""LTE"",""pci"":248,""earfcn"":3050,""tac"":null,""rsrp"":-85,""rsrq"":-20,""rssi"":-51,""snr"":null,""ta"":0,""level"":4,""bands"":""7""}]"
1780907398230,2026-06-08 17:29:58,walking,37.54695116,127.0657986,7.2692986,0.93,244.6,61.84918212890625,LTE,LTE_CA,4G,false,false,false,false,false,52543759,168,100,1,8282,450,06,-74,-10,-51,,4,0,,,,102,62,0.0008,0.0005,102,62,0.0008,0.0005,false,6,0,6,-65,59,2600,0.93,false,false,periodic,40,0,-9,,5003,,,,"[{""type"":""LTE"",""pci"":59,""earfcn"":2600,""tac"":null,""rsrp"":-65,""rsrq"":-12,""rssi"":-51,""snr"":null,""ta"":0,""level"":4,""bands"":""5""},{""type"":""LTE"",""pci"":168,""earfcn"":2600,""tac"":null,""rsrp"":-72,""rsrq"":-17,""rssi"":-51,""snr"":null,""ta"":0,""level"":4,""bands"":""5""},{""type"":""LTE"",""pci"":59,""earfcn"":100,""tac"":null,""rsrp"":-75,""rsrq"":-12,""rssi"":-51,""snr"":null,""ta"":0,""level"":4,""bands"":""1""},{""type"":""LTE"",""pci"":168,""earfcn"":3050,""tac"":null,""rsrp"":-78,""rsrq"":-10,""rssi"":-57,""snr"":null,""ta"":0,""level"":4,""bands"":""7""},{""type"":""LTE"",""pci"":421,""earfcn"":100,""tac"":null,""rsrp"":-82,""rsrq"":-19,""rssi"":-51,""snr"":null,""ta"":0,""level"":4,""bands"":""1""},{""type"":""LTE"",""pci"":68,""earfcn"":3050,""tac"":null,""rsrp"":-87,""rsrq"":-20,""rssi"":-57,""snr"":null,""ta"":0,""level"":3,""bands"":""7""}]"
1780907403241,2026-06-08 17:30:03,walking,37.54693184,127.0657592,8.883008,0.89,234.0,62.46636962890625,LTE,LTE_CA,4G,false,false,false,false,false,52543759,168,100,1,8282,450,06,-74,-10,-51,,4,0,,,,60,33,0.0005,0.0003,60,33,0.0005,0.0003,false,6,0,6,-65,59,2600,0.89,false,false,periodic,45,0,0,,10014,,,,"[{""type"":""LTE"",""pci"":59,""earfcn"":2600,""tac"":null,""rsrp"":-65,""rsrq"":-12,""rssi"":-51,""snr"":null,""ta"":0,""level"":4,""bands"":""5""},{""type"":""LTE"",""pci"":168,""earfcn"":2600,""tac"":null,""rsrp"":-72,""rsrq"":-17,""rssi"":-51,""snr"":null,""ta"":0,""level"":4,""bands"":""5""},{""type"":""LTE"",""pci"":59,""earfcn"":100,""tac"":null,""rsrp"":-75,""rsrq"":-12,""rssi"":-51,""snr"":null,""ta"":0,""level"":4,""bands"":""1""},{""type"":""LTE"",""pci"":168,""earfcn"":3050,""tac"":null,""rsrp"":-78,""rsrq"":-10,""rssi"":-57,""snr"":null,""ta"":0,""level"":4,""bands"":""7""},{""type"":""LTE"",""pci"":421,""earfcn"":100,""tac"":null,""rsrp"":-82,""rsrq"":-19,""rssi"":-51,""snr"":null,""ta"":0,""level"":4,""bands"":""1""},{""type"":""LTE"",""pci"":68,""earfcn"":3050,""tac"":null,""rsrp"":-87,""rsrq"":-20,""rssi"":-57,""snr"":null,""ta"":0,""level"":3,""bands"":""7""}]"
1780907404972,2026-06-08 17:30:04,walking,37.54692831,127.06573839,10.112534,0.95,257.6,63.27484130859375,LTE,LTE_CA,4G,false,false,false,false,false,52553227,10,100,1,8282,450,06,-84,-13,-51,0,4,0,,,,0,0,0.0000,0.0000,0,0,0.0000,0.0000,false,9,0,9,-69,10,2600,0.95,true,false,handover,0,1,,,20,52543759,-74,-10,"[{""type"":""LTE"",""pci"":10,""earfcn"":2600,""tac"":null,""rsrp"":-69,""rsrq"":-11,""rssi"":-51,""snr"":null,""ta"":0,""level"":4,""bands"":""5""},{""type"":""LTE"",""pci"":59,""earfcn"":2600,""tac"":null,""rsrp"":-75,""rsrq"":-16,""rssi"":-51,""snr"":null,""ta"":0,""level"":4,""bands"":""5""},{""type"":""LTE"",""pci"":168,""earfcn"":2600,""tac"":null,""rsrp"":-76,""rsrq"":-17,""rssi"":-51,""snr"":null,""ta"":0,""level"":4,""bands"":""5""},{""type"":""LTE"",""pci"":168,""earfcn"":100,""tac"":null,""rsrp"":-81,""rsrq"":-10,""rssi"":-59,""snr"":null,""ta"":0,""level"":4,""bands"":""1""},{""type"":""LTE"",""pci"":168,""earfcn"":3050,""tac"":null,""rsrp"":-83,""rsrq"":-8,""rssi"":-65,""snr"":null,""ta"":0,""level"":4,""bands"":""7""},{""type"":""LTE"",""pci"":59,""earfcn"":100,""tac"":null,""rsrp"":-87,""rsrq"":-16,""rssi"":-59,""snr"":null,""ta"":0,""level"":3,""bands"":""1""},{""type"":""LTE"",""pci"":225,""earfcn"":3050,""tac"":null,""rsrp"":-90,""rsrq"":-14,""rssi"":-65,""snr"":null,""ta"":0,""level"":3,""bands"":""7""},{""type"":""LTE"",""pci"":272,""earfcn"":3050,""tac"":null,""rsrp"":-93,""rsrq"":-19,""rssi"":-65,""snr"":null,""ta"":0,""level"":3,""bands"":""7""},{""type"":""LTE"",""pci"":68,""earfcn"":3050,""tac"":null,""rsrp"":-96,""rsrq"":-20,""rssi"":-67,""snr"":null,""ta"":0,""level"":2,""bands"":""7""}]"
1780907406159,2026-06-08 17:30:06,walking,37.54692122,127.065721,12.971327,0.96,236.2,63.4080810546875,LTE,NR_NSA,5G,true,false,true,false,false,52543759,168,100,1,8282,450,06,-79,-11,-51,0,4,0,,,,0,5300,0.0000,0.0424,0,5300,0.0000,0.0424,false,9,0,9,-67,10,2600,0.96,true,true,handover,0,2,,,16,52553227,-84,-13,"[{""type"":""LTE"",""pci"":10,""earfcn"":2600,""tac"":null,""rsrp"":-67,""rsrq"":-9,""rssi"":-51,""snr"":null,""ta"":0,""level"":4,""bands"":""5""},{""type"":""LTE"",""pci"":168,""earfcn"":2600,""tac"":null,""rsrp"":-71,""rsrq"":-14,""rssi"":-51,""snr"":null,""ta"":0,""level"":4,""bands"":""5""},{""type"":""LTE"",""pci"":59,""earfcn"":2600,""tac"":null,""rsrp"":-75,""rsrq"":-18,""rssi"":-51,""snr"":null,""ta"":0,""level"":4,""bands"":""5""},{""type"":""LTE"",""pci"":168,""earfcn"":3050,""tac"":null,""rsrp"":-85,""rsrq"":-8,""rssi"":-69,""snr"":null,""ta"":0,""level"":4,""bands"":""7""},{""type"":""LTE"",""pci"":59,""earfcn"":100,""tac"":null,""rsrp"":-86,""rsrq"":-17,""rssi"":-61,""snr"":null,""ta"":0,""level"":3,""bands"":""1""},{""type"":""LTE"",""pci"":10,""earfcn"":100,""tac"":null,""rsrp"":-86,""rsrq"":-16,""rssi"":-59,""snr"":null,""ta"":0,""level"":3,""bands"":""1""},{""type"":""LTE"",""pci"":225,""earfcn"":3050,""tac"":null,""rsrp"":-90,""rsrq"":-14,""rssi"":-67,""snr"":null,""ta"":0,""level"":3,""bands"":""7""},{""type"":""LTE"",""pci"":272,""earfcn"":3050,""tac"":null,""rsrp"":-93,""rsrq"":-19,""rssi"":-65,""snr"":null,""ta"":0,""level"":3,""bands"":""7""},{""type"":""LTE"",""pci"":68,""earfcn"":3050,""tac"":null,""rsrp"":-96,""rsrq"":-20,""rssi"":-67,""snr"":null,""ta"":0,""level"":2,""bands"":""7""}]"
1780907408256,2026-06-08 17:30:08,walking,37.5469093,127.06570928,17.416447,0.85,221.0,63.303466796875,LTE,NR_NSA,5G,true,false,true,false,false,52543759,168,100,1,8282,450,06,-79,-11,-51,0,4,0,,,,56880,27376,0.4550,0.2190,56880,27376,0.4550,0.2190,false,9,0,9,-67,10,2600,0.85,false,false,periodic,2,2,0,0,2108,,,,"[{""type"":""LTE"",""pci"":10,""earfcn"":2600,""tac"":null,""rsrp"":-67,""rsrq"":-9,""rssi"":-51,""snr"":null,""ta"":0,""level"":4,""bands"":""5""},{""type"":""LTE"",""pci"":168,""earfcn"":2600,""tac"":null,""rsrp"":-71,""rsrq"":-14,""rssi"":-51,""snr"":null,""ta"":0,""level"":4,""bands"":""5""},{""type"":""LTE"",""pci"":59,""earfcn"":2600,""tac"":null,""rsrp"":-75,""rsrq"":-18,""rssi"":-51,""snr"":null,""ta"":0,""level"":4,""bands"":""5""},{""type"":""LTE"",""pci"":168,""earfcn"":3050,""tac"":null,""rsrp"":-85,""rsrq"":-8,""rssi"":-69,""snr"":null,""ta"":0,""level"":4,""bands"":""7""},{""type"":""LTE"",""pci"":59,""earfcn"":100,""tac"":null,""rsrp"":-86,""rsrq"":-17,""rssi"":-61,""snr"":null,""ta"":0,""level"":3,""bands"":""1""},{""type"":""LTE"",""pci"":10,""earfcn"":100,""tac"":null,""rsrp"":-86,""rsrq"":-16,""rssi"":-59,""snr"":null,""ta"":0,""level"":3,""bands"":""1""},{""type"":""LTE"",""pci"":225,""earfcn"":3050,""tac"":null,""rsrp"":-90,""rsrq"":-14,""rssi"":-67,""snr"":null,""ta"":0,""level"":3,""bands"":""7""},{""type"":""LTE"",""pci"":272,""earfcn"":3050,""tac"":null,""rsrp"":-93,""rsrq"":-19,""rssi"":-65,""snr"":null,""ta"":0,""level"":3,""bands"":""7""},{""type"":""LTE"",""pci"":68,""earfcn"":3050,""tac"":null,""rsrp"":-96,""rsrq"":-20,""rssi"":-67,""snr"":null,""ta"":0,""level"":2,""bands"":""7""}]"
1780907413264,2026-06-08 17:30:13,walking,37.54689386,127.06569753,14.621505,0.0,,64.07476806640625,LTE,NR_NSA,5G,true,false,true,false,false,52543759,168,100,1,8282,450,06,-82,-9,-51,0,4,0,,,,11691,789,0.0935,0.0063,11691,789,0.0935,0.0063,false,8,0,8,-74,59,2600,4.617272,false,false,periodic,7,2,-3,0,5001,,,,"[{""type"":""LTE"",""pci"":59,""earfcn"":2600,""tac"":null,""rsrp"":-74,""rsrq"":-14,""rssi"":-51,""snr"":null,""ta"":0,""level"":4,""bands"":""5""},{""type"":""LTE"",""pci"":10,""earfcn"":2600,""tac"":null,""rsrp"":-75,""rsrq"":-15,""rssi"":-51,""snr"":null,""ta"":0,""level"":4,""bands"":""5""},{""type"":""LTE"",""pci"":168,""earfcn"":2600,""tac"":null,""rsrp"":-75,""rsrq"":-15,""rssi"":-51,""snr"":null,""ta"":0,""level"":4,""bands"":""5""},{""type"":""LTE"",""pci"":59,""earfcn"":100,""tac"":null,""rsrp"":-87,""rsrq"":-15,""rssi"":-59,""snr"":null,""ta"":0,""level"":3,""bands"":""1""},{""type"":""LTE"",""pci"":10,""earfcn"":100,""tac"":null,""rsrp"":-89,""rsrq"":-17,""rssi"":-63,""snr"":null,""ta"":0,""level"":3,""bands"":""1""},{""type"":""LTE"",""pci"":168,""earfcn"":3050,""tac"":null,""rsrp"":-89,""rsrq"":-7,""rssi"":-71,""snr"":null,""ta"":0,""level"":3,""bands"":""7""},{""type"":""LTE"",""pci"":225,""earfcn"":3050,""tac"":null,""rsrp"":-91,""rsrq"":-15,""rssi"":-67,""snr"":null,""ta"":0,""level"":3,""bands"":""7""},{""type"":""LTE"",""pci"":272,""earfcn"":3050,""tac"":null,""rsrp"":-93,""rsrq"":-19,""rssi"":-65,""snr"":null,""ta"":0,""level"":3,""bands"":""7""}]"
1780907418271,2026-06-08 17:30:18,walking,37.54689448,127.06565695,19.657074,0.45,251.9,64.49517822265625,LTE,NR_NSA,5G,true,false,true,false,false,52543759,168,100,1,8282,450,06,-85,-8,-55,3,4,0,,,,14,14,0.0001,0.0001,14,14,0.0001,0.0001,false,7,0,7,-78,59,2600,0.45,false,false,periodic,12,2,-3,3,5000,,,,"[{""type"":""LTE"",""pci"":59,""earfcn"":2600,""tac"":null,""rsrp"":-78,""rsrq"":-9,""rssi"":-59,""snr"":null,""ta"":0,""level"":4,""bands"":""5""},{""type"":""LTE"",""pci"":168,""earfcn"":2600,""tac"":null,""rsrp"":-83,""rsrq"":-14,""rssi"":-59,""snr"":null,""ta"":0,""level"":4,""bands"":""5""},{""type"":""LTE"",""pci"":59,""earfcn"":100,""tac"":null,""rsrp"":-84,""rsrq"":-11,""rssi"":-63,""snr"":null,""ta"":0,""level"":4,""bands"":""1""},{""type"":""LTE"",""pci"":10,""earfcn"":2600,""tac"":null,""rsrp"":-86,""rsrq"":-9,""rssi"":-59,""snr"":null,""ta"":0,""level"":3,""bands"":""5""},{""type"":""LTE"",""pci"":168,""earfcn"":3050,""tac"":null,""rsrp"":-89,""rsrq"":-7,""rssi"":-73,""snr"":null,""ta"":0,""level"":3,""bands"":""7""},{""type"":""LTE"",""pci"":10,""earfcn"":100,""tac"":null,""rsrp"":-91,""rsrq"":-18,""rssi"":-65,""snr"":null,""ta"":0,""level"":3,""bands"":""1""},{""type"":""LTE"",""pci"":272,""earfcn"":3050,""tac"":null,""rsrp"":-93,""rsrq"":-19,""rssi"":-65,""snr"":null,""ta"":0,""level"":3,""bands"":""7""}]"
1780907423279,2026-06-08 17:30:23,walking,37.54696347,127.06562366,12.471848,0.0,,63.36822509765625,LTE,NR_NSA,5G,true,false,true,false,false,52543759,168,100,1,8282,450,06,-81,-9,-53,6,4,0,,,,14,14,0.0001,0.0001,14,14,0.0001,0.0001,false,8,0,8,-76,59,2600,1.7488307,false,false,periodic,17,2,4,3,5003,,,,"[{""type"":""LTE"",""pci"":59,""earfcn"":2600,""tac"":null,""rsrp"":-76,""rsrq"":-14,""rssi"":-51,""snr"":null,""ta"":0,""level"":4,""bands"":""5""},{""type"":""LTE"",""pci"":10,""earfcn"":2600,""tac"":null,""rsrp"":-77,""rsrq"":-16,""rssi"":-51,""snr"":null,""ta"":0,""level"":4,""bands"":""5""},{""type"":""LTE"",""pci"":168,""earfcn"":2600,""tac"":null,""rsrp"":-78,""rsrq"":-13,""rssi"":-51,""snr"":null,""ta"":0,""level"":4,""bands"":""5""},{""type"":""LTE"",""pci"":168,""earfcn"":3050,""tac"":null,""rsrp"":-83,""rsrq"":-13,""rssi"":-59,""snr"":null,""ta"":0,""level"":4,""bands"":""7""},{""type"":""LTE"",""pci"":10,""earfcn"":100,""tac"":null,""rsrp"":-87,""rsrq"":-15,""rssi"":-63,""snr"":null,""ta"":0,""level"":3,""bands"":""1""},{""type"":""LTE"",""pci"":59,""earfcn"":100,""tac"":null,""rsrp"":-91,""rsrq"":-17,""rssi"":-63,""snr"":null,""ta"":0,""level"":3,""bands"":""1""},{""type"":""LTE"",""pci"":272,""earfcn"":3050,""tac"":null,""rsrp"":-93,""rsrq"":-19,""rssi"":-65,""snr"":null,""ta"":0,""level"":3,""bands"":""7""},{""type"":""LTE"",""pci"":248,""earfcn"":3050,""tac"":null,""rsrp"":-107,""rsrq"":-20,""rssi"":-65,""snr"":null,""ta"":0,""level"":1,""bands"":""7""}]"
1780907428293,2026-06-08 17:30:28,walking,37.5470253,127.0657243,11.057,,,40.599998474121094,LTE,NR_NSA,5G,true,false,true,false,false,52543759,168,100,1,8282,450,06,-75,-7,-51,7,4,0,,,,6009,2802,0.0481,0.0224,6009,2802,0.0481,0.0224,false,8,0,8,-71,168,2600,3.194637,false,false,periodic,22,2,6,1,1429,,,,"[{""type"":""LTE"",""pci"":168,""earfcn"":2600,""tac"":null,""rsrp"":-71,""rsrq"":-13,""rssi"":-51,""snr"":null,""ta"":0,""level"":4,""bands"":""5""},{""type"":""LTE"",""pci"":10,""earfcn"":2600,""tac"":null,""rsrp"":-77,""rsrq"":-17,""rssi"":-51,""snr"":null,""ta"":0,""level"":4,""bands"":""5""},{""type"":""LTE"",""pci"":168,""earfcn"":3050,""tac"":null,""rsrp"":-82,""rsrq"":-6,""rssi"":-65,""snr"":null,""ta"":0,""level"":4,""bands"":""7""},{""type"":""LTE"",""pci"":10,""earfcn"":100,""tac"":null,""rsrp"":-87,""rsrq"":-17,""rssi"":-59,""snr"":null,""ta"":0,""level"":3,""bands"":""1""},{""type"":""LTE"",""pci"":59,""earfcn"":100,""tac"":null,""rsrp"":-88,""rsrq"":-18,""rssi"":-59,""snr"":null,""ta"":0,""level"":3,""bands"":""1""},{""type"":""LTE"",""pci"":225,""earfcn"":3050,""tac"":null,""rsrp"":-93,""rsrq"":-14,""rssi"":-71,""snr"":null,""ta"":0,""level"":3,""bands"":""7""},{""type"":""LTE"",""pci"":272,""earfcn"":3050,""tac"":null,""rsrp"":-99,""rsrq"":-20,""rssi"":-67,""snr"":null,""ta"":0,""level"":2,""bands"":""7""},{""type"":""LTE"",""pci"":248,""earfcn"":3050,""tac"":null,""rsrp"":-102,""rsrq"":-20,""rssi"":-69,""snr"":null,""ta"":0,""level"":2,""bands"":""7""}]"
1780907433316,2026-06-08 17:30:33,walking,37.54698511,127.06564069,10.487157,0.0,,62.7130126953125,LTE,NR_NSA,5G,true,false,true,false,false,52543759,168,100,1,8282,450,06,-75,-7,-51,7,4,0,,,,0,0,0.0000,0.0000,0,0,0.0000,0.0000,false,8,0,8,-71,168,2600,1.8447903,false,false,periodic,27,2,0,0,6453,,,,"[{""type"":""LTE"",""pci"":168,""earfcn"":2600,""tac"":null,""rsrp"":-71,""rsrq"":-13,""rssi"":-51,""snr"":null,""ta"":0,""level"":4,""bands"":""5""},{""type"":""LTE"",""pci"":10,""earfcn"":2600,""tac"":null,""rsrp"":-77,""rsrq"":-17,""rssi"":-51,""snr"":null,""ta"":0,""level"":4,""bands"":""5""},{""type"":""LTE"",""pci"":168,""earfcn"":3050,""tac"":null,""rsrp"":-82,""rsrq"":-6,""rssi"":-65,""snr"":null,""ta"":0,""level"":4,""bands"":""7""},{""type"":""LTE"",""pci"":10,""earfcn"":100,""tac"":null,""rsrp"":-87,""rsrq"":-17,""rssi"":-59,""snr"":null,""ta"":0,""level"":3,""bands"":""1""},{""type"":""LTE"",""pci"":59,""earfcn"":100,""tac"":null,""rsrp"":-88,""rsrq"":-18,""rssi"":-59,""snr"":null,""ta"":0,""level"":3,""bands"":""1""},{""type"":""LTE"",""pci"":225,""earfcn"":3050,""tac"":null,""rsrp"":-93,""rsrq"":-14,""rssi"":-71,""snr"":null,""ta"":0,""level"":3,""bands"":""7""},{""type"":""LTE"",""pci"":272,""earfcn"":3050,""tac"":null,""rsrp"":-99,""rsrq"":-20,""rssi"":-67,""snr"":null,""ta"":0,""level"":2,""bands"":""7""},{""type"":""LTE"",""pci"":248,""earfcn"":3050,""tac"":null,""rsrp"":-102,""rsrq"":-20,""rssi"":-69,""snr"":null,""ta"":0,""level"":2,""bands"":""7""}]"
1780907438331,2026-06-08 17:30:38,walking,37.54703946,127.06573738,11.745802,0.0,,61.05511474609375,LTE,NR_NSA,5G,true,false,true,false,false,52543759,168,100,1,8282,450,06,-79,-8,-51,7,4,0,,,,0,0,0.0000,0.0000,0,0,0.0000,0.0000,false,8,0,8,-75,168,2600,2.1622474,false,false,periodic,32,0,-4,0,5001,,,,"[{""type"":""LTE"",""pci"":168,""earfcn"":2600,""tac"":null,""rsrp"":-75,""rsrq"":-12,""rssi"":-53,""snr"":null,""ta"":0,""level"":4,""bands"":""5""},{""type"":""LTE"",""pci"":59,""earfcn"":2600,""tac"":null,""rsrp"":-76,""rsrq"":-13,""rssi"":-53,""snr"":null,""ta"":0,""level"":4,""bands"":""5""},{""type"":""LTE"",""pci"":10,""earfcn"":2600,""tac"":null,""rsrp"":-79,""rsrq"":-11,""rssi"":-53,""snr"":null,""ta"":0,""level"":4,""bands"":""5""},{""type"":""LTE"",""pci"":168,""earfcn"":3050,""tac"":null,""rsrp"":-83,""rsrq"":-7,""rssi"":-65,""snr"":null,""ta"":0,""level"":4,""bands"":""7""},{""type"":""LTE"",""pci"":59,""earfcn"":100,""tac"":null,""rsrp"":-90,""rsrq"":-16,""rssi"":-63,""snr"":null,""ta"":0,""level"":3,""bands"":""1""},{""type"":""LTE"",""pci"":225,""earfcn"":3050,""tac"":null,""rsrp"":-92,""rsrq"":-16,""rssi"":-65,""snr"":null,""ta"":0,""level"":3,""bands"":""7""},{""type"":""LTE"",""pci"":10,""earfcn"":100,""tac"":null,""rsrp"":-93,""rsrq"":-16,""rssi"":-63,""snr"":null,""ta"":0,""level"":3,""bands"":""1""},{""type"":""LTE"",""pci"":248,""earfcn"":3050,""tac"":null,""rsrp"":-102,""rsrq"":-20,""rssi"":-69,""snr"":null,""ta"":0,""level"":2,""bands"":""7""}]"
1780907443342,2026-06-08 17:30:43,walking,37.54703791,127.06576103,12.477367,0.0,,59.71624755859375,LTE,NR_NSA,5G,true,false,true,false,false,52543759,168,100,1,8282,450,06,-80,-8,-51,8,4,,,,,143,150,0.0011,0.0012,143,150,0.0011,0.0012,false,5,0,5,-66,168,2600,3.3446815,false,false,periodic,37,0,-1,1,4998,,,,"[{""type"":""LTE"",""pci"":168,""earfcn"":2600,""tac"":null,""rsrp"":-66,""rsrq"":-10,""rssi"":-51,""snr"":null,""ta"":null,""level"":4,""bands"":""5""},{""type"":""LTE"",""pci"":59,""earfcn"":2600,""tac"":null,""rsrp"":-73,""rsrq"":-14,""rssi"":-51,""snr"":null,""ta"":null,""level"":4,""bands"":""5""},{""type"":""LTE"",""pci"":168,""earfcn"":3050,""tac"":null,""rsrp"":-80,""rsrq"":-7,""rssi"":-63,""snr"":null,""ta"":null,""level"":4,""bands"":""7""},{""type"":""LTE"",""pci"":59,""earfcn"":100,""tac"":null,""rsrp"":-86,""rsrq"":-9,""rssi"":-67,""snr"":null,""ta"":null,""level"":3,""bands"":""1""},{""type"":""LTE"",""pci"":10,""earfcn"":100,""tac"":null,""rsrp"":-95,""rsrq"":-18,""rssi"":-67,""snr"":null,""ta"":null,""level"":3,""bands"":""1""}]"
